customerID,gender,SeniorCitizen,Partner,Dependents,tenure,PhoneService,MultipleLines,InternetService,OnlineSecurity,OnlineBackup,DeviceProtection,TechSupport,StreamingTV,StreamingMovies,Contract,PaperlessBilling,PaymentMethod,MonthlyCharges,TotalCharges,Churn,Churn_Probability
2558,1,0,0,0,2,1,0,0,2,2,0,0,0,0,0,1,3,53.85,108.15,1,0.825
6500,0,0,0,0,2,1,0,1,0,0,0,0,0,0,0,1,2,70.7,151.65,1,0.845
6540,0,0,0,0,8,1,2,1,0,0,2,0,2,2,0,1,2,99.65,820.5,1,0.985
174,1,0,0,0,49,1,2,1,0,2,2,0,2,2,0,1,0,103.7,5036.3,1,0.855
2930,0,0,1,1,10,1,0,0,0,0,2,2,0,0,0,0,1,55.2,528.35,1,0.715
6196,1,1,0,0,1,0,1,0,0,0,2,0,0,2,0,1,2,39.65,39.65,1,0.985
723,1,0,0,0,1,1,0,2,1,1,1,1,1,1,0,0,3,20.15,20.15,1,0.9379642857142858
4574,1,0,1,1,47,1,2,1,0,2,0,0,2,2,0,1,2,99.35,4749.15,1,0.845
6108,1,0,1,1,1,0,1,0,0,2,0,0,0,0,0,0,2,30.2,30.2,1,0.76
3472,1,1,1,0,2,1,0,1,0,0,2,0,2,2,0,1,1,95.5,181.65,0,0.85
4282,1,0,0,0,5,1,0,1,0,0,0,0,0,0,0,1,2,69.7,316.9,1,0.86
3819,1,0,0,0,34,1,2,1,0,2,2,0,2,2,0,1,2,106.35,3549.25,1,0.905
5792,0,0,0,0,11,1,2,1,0,0,2,0,2,2,0,1,0,97.85,1105.4,1,0.965
5499,0,0,0,0,2,1,0,1,0,0,0,0,2,0,0,1,2,80.65,144.15,1,0.885
5295,0,1,1,0,8,1,2,1,0,2,0,0,0,0,0,1,1,80.65,633.3,1,0.875
1128,1,1,0,0,18,1,2,1,0,0,0,0,2,2,0,1,2,95.45,1752.55,1,0.835
4034,0,0,0,0,9,1,2,1,0,0,0,0,2,2,0,0,2,94.4,857.25,1,0.92
4181,0,0,0,1,1,1,0,1,0,0,0,0,2,0,0,1,2,79.35,79.35,1,0.83
6477,0,0,1,0,7,1,0,1,0,0,2,0,0,0,0,1,0,75.15,496.9,1,0.845
3199,0,1,1,0,25,1,0,1,0,2,2,0,2,2,0,1,2,98.5,2514.5,1,0.9
3410,0,1,1,0,37,1,2,1,0,0,0,0,0,0,0,1,2,76.5,2868.15,1,0.905
3754,0,0,1,1,10,1,2,1,2,0,0,0,2,2,0,1,2,100.25,1064.65,1,0.915
274,1,0,0,0,3,1,2,1,0,0,0,0,0,0,0,1,2,74.4,229.55,1,0.79
3071,0,1,0,0,27,1,2,1,0,0,2,0,0,0,0,1,2,78.05,2135.5,1,0.82
4393,0,0,1,1,25,0,1,0,2,2,2,0,2,2,0,1,1,58.6,1502.65,1,0.71
2154,1,0,0,0,1,0,1,0,0,0,0,0,0,2,0,1,2,35.45,35.45,1,1.0
1631,1,0,0,0,2,1,0,0,0,0,0,0,0,0,0,0,2,44.35,81.25,1,0.805
262,0,1,1,0,1,1,0,1,0,0,0,0,0,0,0,1,3,70.45,70.45,1,0.845
1445,1,0,0,0,1,1,0,0,0,0,0,0,0,0,0,1,2,45.65,45.65,1,0.99
2718,1,0,0,0,7,1,2,1,0,0,0,0,2,2,0,0,3,95.0,655.5,1,0.805
589,0,0,1,0,20,1,2,1,2,0,0,0,0,0,0,0,2,82.4,1592.35,1,0.76
2353,0,0,0,0,4,1,0,1,0,0,0,0,0,0,0,1,0,70.9,273.0,1,0.97
1268,0,0,1,0,2,1,2,1,0,0,2,2,2,2,0,1,2,104.4,242.8,1,0.91
475,0,0,1,0,53,1,0,1,0,0,2,0,2,2,1,1,0,94.85,5000.2,1,0.705
1816,0,1,0,0,15,1,2,1,0,0,0,0,0,0,0,1,3,74.45,1145.7,1,0.87
4466,0,0,0,0,1,0,1,0,0,2,0,0,0,0,0,0,0,29.95,29.95,1,0.73
6581,1,0,0,0,8,1,2,1,0,0,0,0,0,2,0,0,0,84.5,662.65,1,0.87
1287,0,0,0,0,13,1,0,1,0,2,2,0,0,0,0,1,2,79.25,1111.65,1,0.805
692,0,0,1,0,1,0,1,0,0,0,0,0,0,0,0,1,2,24.8,24.8,1,0.71
1694,1,0,1,0,6,1,0,1,0,2,2,0,0,2,0,1,2,91.0,531.0,1,0.85
884,1,0,0,0,1,1,0,1,0,0,0,0,0,2,0,0,2,79.9,79.9,1,1.0
6610,0,0,0,0,4,1,0,1,0,0,0,0,0,0,0,1,2,70.15,268.35,1,0.865
507,1,0,1,0,4,1,0,0,0,0,0,2,0,0,0,0,3,50.05,179.35,1,0.735
1520,0,0,1,0,1,1,0,0,0,0,0,0,2,0,0,0,3,55.2,55.2,1,0.9
6302,1,0,0,0,1,1,0,1,2,0,0,0,0,2,0,1,3,84.6,84.6,1,0.905
861,1,0,0,0,2,1,2,0,0,2,0,0,0,0,0,1,3,54.4,114.1,1,0.79
54,0,1,0,0,11,1,0,1,0,2,0,0,2,2,0,1,2,95.0,1120.3,1,0.875
7001,1,1,0,0,15,1,0,1,0,2,0,0,0,0,0,1,2,74.4,1074.3,1,0.8
3223,0,0,1,1,2,1,0,1,0,0,0,0,0,0,0,0,2,70.4,147.15,1,0.73
6689,1,1,1,0,1,0,1,0,0,2,0,0,2,0,0,0,2,40.2,40.2,1,0.92
3495,0,0,1,0,2,1,0,0,0,0,0,0,0,0,0,1,1,44.6,80.55,1,0.74
5161,1,1,0,0,3,0,1,0,0,0,2,0,0,2,0,1,2,41.15,132.2,1,0.945
2517,1,1,0,0,13,1,2,1,0,2,2,0,2,2,0,1,2,106.9,1364.3,1,0.94
3055,0,1,0,0,16,1,0,1,0,0,0,2,2,2,0,1,2,94.45,1511.2,1,0.84
4507,1,0,0,0,1,0,1,0,0,0,0,0,0,0,0,0,0,24.8,24.8,1,0.79
4197,1,0,0,0,1,1,0,1,0,0,0,0,0,0,0,0,3,70.6,70.6,1,0.855
4552,1,0,1,0,5,1,2,1,0,2,0,2,0,0,0,1,2,85.4,401.1,1,0.895
3118,0,0,1,0,52,1,2,1,0,2,2,0,2,2,0,1,2,105.05,5624.85,1,0.82
6687,1,0,1,1,18,1,0,1,0,0,2,0,2,2,0,0,3,95.15,1779.95,1,0.825
3958,1,0,1,0,1,1,0,1,0,0,0,0,0,0,0,0,2,70.0,70.0,1,0.92875
2430,1,1,0,0,8,1,0,1,0,2,0,0,0,0,0,1,2,74.5,606.55,1,0.84
2498,1,0,0,0,10,1,0,0,0,0,0,0,0,0,0,1,1,44.85,435.4,1,0.705
4525,0,0,0,1,1,1,0,1,2,0,0,0,0,0,0,1,3,73.6,73.6,1,0.88
5746,0,1,0,0,4,1,2,1,0,0,0,0,2,2,0,1,2,95.45,396.1,1,0.98
163,1,1,1,0,32,1,2,1,0,0,0,0,0,0,0,1,2,74.9,2303.35,1,0.745
5345,1,0,0,0,5,1,0,1,0,0,0,0,2,0,0,1,2,80.6,415.55,1,0.85
4097,0,1,0,0,2,1,0,1,0,0,0,0,0,0,0,1,2,70.35,139.05,1,0.915
1369,0,0,0,0,2,1,0,1,0,0,0,0,2,2,0,1,2,90.4,168.2,1,0.895
126,1,0,1,1,4,1,2,1,0,2,2,0,0,0,0,1,0,84.8,371.9,1,0.925
428,0,1,0,0,21,0,1,0,2,0,0,0,2,0,0,1,2,41.9,840.1,1,0.77
3182,0,0,0,0,10,1,0,1,0,0,0,0,0,2,0,1,0,80.25,846.0,1,0.88
6381,1,1,1,0,27,0,1,0,2,0,0,0,0,0,0,0,1,30.75,805.1,1,0.77
683,1,0,0,0,5,1,0,1,0,0,2,0,2,2,0,0,0,96.5,492.55,1,0.925
159,1,0,0,0,2,1,2,1,0,0,0,0,2,0,0,1,2,85.65,181.5,1,0.73
6751,0,0,1,0,25,1,2,1,0,0,2,2,2,2,0,1,0,104.95,2566.5,1,0.85
3646,1,0,0,0,1,1,2,1,0,2,0,0,0,2,0,1,1,90.85,90.85,1,0.9
3444,1,1,1,0,11,1,0,2,1,1,1,1,1,1,0,0,3,19.95,214.75,1,0.725
363,0,1,1,0,55,1,2,1,0,2,2,0,0,0,0,1,2,85.45,4874.7,1,0.8
4667,0,0,0,0,34,1,0,1,0,2,0,0,0,0,0,1,1,73.95,2524.45,1,0.8
670,1,0,1,1,69,1,2,1,0,0,2,0,2,2,0,1,1,99.45,7007.6,1,0.785
5655,1,0,0,0,1,1,0,2,1,1,1,1,1,1,0,1,3,19.6,19.6,1,0.7933333333333333
217,1,1,0,0,3,1,2,1,0,2,0,0,0,0,0,1,2,81.35,233.7,1,0.845
391,0,0,1,1,22,1,0,1,0,2,0,0,0,2,0,0,2,83.3,1845.9,1,0.755
3941,0,1,0,0,1,1,0,1,0,0,2,0,0,0,0,1,0,75.3,75.3,1,0.93
6388,0,0,1,1,61,1,0,2,1,1,1,1,1,1,0,1,3,19.4,1182.55,1,0.745
2875,0,0,0,0,1,1,0,1,0,0,0,0,0,0,0,0,3,69.55,69.55,1,0.96
155,0,0,1,1,28,1,0,1,0,0,0,0,0,2,0,1,2,81.05,2227.1,1,0.73
602,1,0,1,1,4,1,2,1,0,0,2,0,2,2,0,0,2,101.15,385.9,1,0.875
2682,1,0,0,0,7,1,2,1,0,2,0,0,2,2,0,1,2,99.8,673.25,1,0.915
2499,1,0,0,0,1,1,0,0,0,0,0,0,0,2,0,1,2,55.0,55.0,1,0.895
6604,0,0,1,1,1,1,0,1,0,2,0,0,0,0,0,1,2,74.7,74.7,1,0.955
1617,1,0,0,0,24,1,2,1,0,2,0,0,0,0,0,1,2,80.25,1861.5,1,0.845
190,1,0,0,0,5,1,0,1,0,0,0,2,2,2,0,1,2,96.1,453.4,1,0.855
4205,0,0,1,1,8,1,0,1,0,2,0,0,2,0,0,1,2,83.55,680.05,1,0.81
6411,0,0,0,0,15,1,2,1,0,2,0,0,2,2,0,1,2,100.15,1415.0,0,0.855
5925,1,0,0,1,1,1,2,1,0,0,0,0,0,0,0,1,2,74.35,74.35,1,0.955
5821,1,0,0,0,22,0,1,0,0,2,2,0,0,2,1,1,0,43.75,903.6,1,0.72
4414,0,1,0,0,5,0,1,0,0,2,0,0,0,0,0,0,2,28.45,131.05,1,0.835
5517,0,0,0,0,12,1,2,1,2,2,2,0,0,2,0,1,0,99.7,1238.45,1,0.88
3972,0,1,0,0,20,1,2,1,0,2,2,0,0,2,0,1,2,94.1,1782.4,1,0.91
3232,0,0,1,1,6,1,2,1,0,0,0,2,0,0,0,1,2,80.5,502.85,1,0.81
6613,1,0,0,0,40,1,2,1,0,0,2,2,2,2,0,0,0,104.8,4131.95,1,0.77
157,0,1,1,0,27,1,0,1,2,0,0,0,0,0,0,1,0,75.2,1929.35,1,0.735
4833,0,0,0,0,23,1,2,1,0,0,0,0,0,0,0,0,0,75.6,1758.6,1,0.73
5944,1,0,1,0,34,1,2,1,0,0,2,0,2,2,0,1,2,100.05,3480.0,1,0.79
6528,0,0,0,0,1,1,2,1,0,0,0,0,0,2,0,1,2,85.0,85.0,1,0.95
923,1,0,0,0,10,1,2,1,0,0,0,0,2,0,0,1,0,86.05,834.1,1,0.89
641,0,0,0,0,35,1,2,1,0,0,2,0,2,2,0,1,2,100.25,3527.6,1,0.75
3295,1,0,1,0,56,1,2,1,0,2,0,0,2,2,1,0,1,100.3,5614.45,1,0.745
2527,0,0,0,0,1,1,0,1,2,0,0,0,0,0,0,0,3,75.3,75.3,1,0.885
1977,0,1,0,0,4,1,2,1,0,0,2,0,2,0,0,1,2,89.2,346.2,1,0.895
3672,0,1,0,0,1,1,2,1,0,0,0,0,2,0,0,1,2,85.7,85.7,1,0.945
489,0,0,0,0,12,1,2,0,2,0,2,2,0,0,0,1,3,61.65,713.75,1,0.71
2383,0,1,1,0,65,1,2,1,2,0,2,0,2,2,0,0,0,105.25,6786.4,1,0.72
4626,1,0,1,1,9,0,1,0,0,2,0,0,0,0,0,1,2,29.95,248.95,1,0.79
3335,0,0,1,1,9,1,0,0,2,2,2,2,0,0,0,0,3,65.0,663.05,1,0.71
682,0,0,0,0,7,1,0,2,1,1,1,1,1,1,0,0,0,20.0,137.6,1,0.73
3168,1,1,1,0,49,1,2,1,0,2,0,0,0,2,0,0,1,90.05,4547.25,1,0.76
3588,1,1,1,1,43,1,2,1,0,2,2,2,2,2,0,1,0,110.75,4687.9,1,0.795
5113,0,0,1,1,65,1,2,1,0,2,2,0,2,2,0,1,2,105.5,6985.65,1,0.8
110,1,0,1,0,10,1,2,1,0,0,0,0,0,2,0,1,2,85.25,855.3,1,0.93
663,1,0,0,0,1,1,0,1,0,0,0,0,2,2,0,1,2,89.55,89.55,1,0.94
1113,1,1,1,0,20,1,2,1,0,0,0,0,2,2,0,1,2,94.55,1899.65,1,0.815
606,1,0,0,0,1,1,0,0,0,0,0,0,0,0,0,1,3,45.7,45.7,1,0.895
3991,0,1,0,0,2,1,2,1,0,2,0,0,0,2,0,0,2,89.5,161.5,1,0.84
6734,0,0,0,0,3,1,0,1,0,0,0,0,0,0,0,1,0,69.55,222.3,1,0.84
1359,0,0,0,0,1,1,0,1,0,0,2,0,0,0,0,1,3,74.6,74.6,1,0.915
2911,0,1,0,0,8,1,0,2,1,1,1,1,1,1,0,0,2,19.65,164.3,1,0.76
3998,0,0,0,0,4,0,1,0,0,0,0,0,0,0,0,1,3,24.25,96.05,1,0.8
5327,0,0,0,0,2,1,0,1,0,0,0,0,0,0,0,0,2,69.65,145.15,1,0.835
2286,0,0,0,0,1,1,2,1,0,0,0,0,0,0,0,1,3,75.05,75.05,1,0.91
559,1,1,0,0,52,0,1,0,0,2,0,0,2,2,0,1,2,49.15,2550.9,1,0.745
557,0,0,0,0,2,0,1,0,0,0,0,0,0,2,0,1,2,34.7,62.25,1,0.865
997,1,0,1,1,1,1,0,1,0,0,0,0,0,2,0,0,2,80.0,80.0,1,0.9
5695,0,0,0,0,1,1,0,1,0,0,0,0,0,0,0,0,3,71.1,71.1,0,0.995
40,1,1,0,0,2,1,0,0,2,0,0,0,0,0,0,1,2,49.25,91.1,1,0.84
1564,0,0,0,0,3,1,2,1,0,0,0,0,0,0,0,1,1,75.1,270.7,1,0.93
5065,0,0,0,0,25,1,0,1,2,2,0,0,0,0,0,1,0,79.85,2015.35,1,0.76
3488,0,0,1,1,4,1,2,1,0,0,0,0,0,2,0,1,2,85.95,381.3,1,0.965
1090,1,0,0,0,3,1,0,0,0,0,0,0,0,0,0,1,2,45.35,141.5,1,0.845
3720,1,1,1,0,33,1,2,1,0,0,0,0,2,2,0,1,2,94.5,3105.55,1,0.845
1848,0,1,0,0,30,1,2,1,2,2,2,0,0,0,0,0,1,91.7,2758.15,1,0.755
4558,0,0,0,0,45,1,2,1,0,0,2,2,0,0,0,1,2,87.25,3941.7,1,0.775
3618,1,0,0,0,10,1,2,1,2,0,0,0,2,2,0,0,2,98.55,1008.55,1,0.91
4733,1,1,0,0,20,1,2,1,0,0,2,0,2,2,0,1,2,98.55,1842.8,1,0.94
1273,0,0,0,0,22,1,0,1,0,0,0,0,2,2,0,0,2,89.25,1907.85,1,0.8
5228,1,0,1,0,3,1,0,1,0,0,0,0,0,0,0,1,2,70.3,208.85,1,0.765
143,1,0,0,0,15,1,2,1,0,0,0,0,2,2,0,1,2,93.35,1444.65,1,0.83
4120,0,0,1,0,5,1,0,1,2,0,2,0,0,2,0,1,3,88.9,454.15,1,0.75
5187,1,0,0,0,2,1,2,1,0,2,0,0,0,0,0,1,2,82.0,184.65,1,0.795
206,1,0,0,0,2,1,0,0,0,0,0,0,0,0,0,0,2,45.35,89.5,1,0.835
3265,0,0,0,0,1,1,0,0,0,0,0,2,0,0,0,1,2,52.2,52.2,1,0.78
474,0,1,0,0,46,1,2,1,2,2,2,0,2,2,1,1,2,110.0,4874.8,1,0.72
2095,1,0,0,0,62,1,2,1,0,0,2,0,2,2,1,1,2,96.75,6125.4,1,0.775
999,0,0,0,0,10,1,2,1,0,0,0,2,2,2,0,1,2,98.5,1058.25,1,0.925
2186,1,0,0,0,6,1,0,1,0,2,0,0,2,0,0,1,2,85.35,489.45,1,0.885
2986,1,0,1,0,40,1,2,1,0,2,0,0,2,2,0,1,2,101.3,4113.1,1,0.905
1229,1,0,0,0,1,1,0,1,0,0,0,0,0,0,0,1,2,69.55,69.55,1,0.9990000000000001
1532,1,0,0,0,58,1,2,1,0,2,2,0,2,2,1,1,0,103.25,6017.65,1,0.755
3416,1,0,0,0,70,1,2,1,2,0,0,2,2,2,2,1,1,104.0,7250.15,1,0.75
4441,0,0,0,0,2,1,0,1,0,0,2,0,0,2,0,1,3,86.2,178.7,1,0.89
71,1,0,1,0,21,1,2,1,0,2,2,2,2,2,0,1,2,111.2,2317.1,1,0.79
1585,0,0,1,1,16,1,0,1,0,2,2,0,2,0,0,1,1,89.45,1430.25,1,0.815
2541,1,1,1,0,7,1,2,1,0,0,0,0,2,2,0,1,0,95.6,644.35,1,0.94
6497,0,1,0,0,4,1,0,1,0,0,0,0,2,0,0,1,2,78.85,292.8,1,0.875
4950,1,0,0,0,1,1,0,0,0,0,0,0,0,0,0,0,3,44.4,44.4,1,0.76
2106,1,0,0,0,1,1,0,1,0,0,0,0,2,2,0,1,2,89.9,89.9,1,0.895
1639,0,0,0,1,62,1,2,1,0,0,2,0,2,2,1,1,2,100.15,6413.65,1,0.83
1497,1,0,0,0,1,1,0,0,0,2,0,0,0,0,0,0,2,50.8,50.8,1,0.8
649,1,1,1,0,20,1,0,1,0,2,0,0,0,0,0,1,2,73.65,1463.5,1,0.835
6999,0,0,0,0,3,1,0,1,0,2,0,0,2,2,0,1,2,95.1,307.4,1,0.855
2889,1,0,0,0,22,1,2,1,0,0,0,0,2,2,0,1,1,94.65,2104.55,1,0.75
2562,1,0,1,0,4,1,0,1,0,0,2,2,0,0,0,1,3,80.6,319.15,1,0.83
3572,0,0,0,0,60,0,1,0,0,2,0,0,2,2,0,1,2,50.8,3027.4,1,0.77
119,0,0,0,0,15,1,0,1,2,0,2,2,2,2,0,0,2,105.1,1582.75,1,0.79
6936,1,0,0,0,10,1,0,1,2,2,2,2,2,2,0,1,2,110.1,1043.3,1,0.815
2740,0,0,0,0,6,1,0,1,0,0,2,0,0,2,0,0,2,83.9,497.55,1,0.82
5333,0,0,1,1,63,1,2,1,2,2,2,0,2,0,0,1,2,100.55,6215.35,1,0.76
2674,1,0,1,1,50,1,2,1,0,2,2,0,2,2,0,1,0,103.85,5017.9,1,0.775
6493,0,0,0,0,1,0,1,0,0,0,0,0,0,0,0,0,2,24.6,24.6,1,0.78
3008,0,0,0,0,12,1,0,1,2,0,0,2,2,2,0,1,0,98.9,1120.95,1,0.92
6842,0,0,0,0,9,1,2,1,0,0,2,0,2,2,0,0,1,98.3,923.5,1,0.92
1871,1,0,0,0,17,1,0,1,2,0,0,0,2,2,0,0,2,93.85,1625.65,1,0.84
531,1,1,0,0,9,1,2,1,0,0,2,0,2,2,0,1,2,100.5,918.6,1,0.985
1282,1,1,0,0,10,1,0,1,0,2,0,0,0,0,0,1,2,72.85,688.65,1,0.88
4610,1,1,1,0,1,1,2,1,0,0,0,0,0,0,0,1,2,73.55,73.55,1,0.895
5021,0,1,0,0,3,1,2,1,0,2,0,0,0,0,0,1,2,79.4,205.05,1,0.895
6769,0,0,0,0,13,1,0,1,0,2,2,0,0,0,0,1,2,81.15,952.3,1,0.865
3327,0,1,0,0,4,1,2,1,0,0,0,0,0,2,0,1,2,84.6,360.1,1,0.975
4530,0,0,0,0,6,1,2,1,2,0,0,0,0,0,0,1,2,79.05,434.5,1,0.705
4729,0,0,0,0,3,1,2,1,0,0,0,0,0,0,0,0,0,74.4,215.8,1,0.915
4991,1,1,0,0,35,1,2,1,0,0,2,0,2,2,0,1,2,99.05,3395.8,1,0.895
2944,1,1,0,0,2,1,0,0,0,0,0,0,0,0,0,0,3,44.95,85.15,1,0.835
6635,1,0,1,0,1,1,0,0,0,0,0,0,0,0,0,0,1,44.7,44.7,1,0.765
6430,1,0,0,0,1,1,0,0,0,0,0,0,0,0,0,1,3,45.7,45.7,1,0.895
6958,1,1,0,0,8,1,0,1,2,0,0,2,2,2,0,0,1,100.3,832.35,1,0.77
2198,0,0,0,0,2,1,2,1,0,0,0,0,2,2,0,1,2,96.0,174.8,1,0.96
5174,0,0,0,0,1,1,0,1,0,0,0,0,2,2,0,0,2,90.55,90.55,1,1.0
1955,1,0,0,0,71,1,2,1,2,0,2,2,2,2,2,1,2,108.05,7532.15,1,0.78
4144,1,0,0,0,1,1,0,1,0,0,0,0,0,0,0,1,2,69.9,69.9,1,0.7283333333333333
4706,1,1,1,0,62,1,2,1,0,2,2,0,2,2,1,1,2,103.75,6383.35,1,0.74
6058,1,0,0,0,1,1,2,1,0,0,0,0,0,2,0,1,2,86.6,86.6,1,0.98
2695,0,0,0,0,35,1,2,1,0,2,0,2,0,0,0,0,1,85.3,2917.5,1,0.775
4703,0,0,0,0,34,1,0,1,0,0,0,0,0,0,0,1,1,70.0,2416.1,1,0.755
948,0,1,0,0,4,1,2,1,0,0,0,0,2,2,0,1,2,94.3,424.45,1,0.975
5921,0,0,0,0,7,1,0,1,0,0,2,0,2,2,0,1,2,95.35,660.9,1,0.94
1337,1,1,1,0,27,1,2,1,0,0,0,0,0,0,0,1,2,75.5,1893.95,1,0.77
6695,0,0,0,0,18,1,2,1,0,0,0,2,0,2,0,1,2,90.1,1612.75,1,0.81
4959,0,0,0,0,2,1,0,1,0,0,0,0,0,0,0,0,2,68.95,119.75,1,0.885
3386,1,1,0,0,8,1,2,1,0,0,2,0,2,2,0,1,2,100.6,819.4,1,0.995
2923,0,1,1,1,3,1,0,1,2,0,0,2,2,0,0,1,3,88.3,273.75,1,0.81
2907,0,1,0,0,8,1,0,1,0,0,2,0,2,2,0,1,2,92.1,729.95,1,0.9
7002,1,0,1,0,38,1,0,1,2,2,0,0,0,0,0,1,2,79.45,3013.05,1,0.83
852,1,1,0,0,14,1,0,1,0,0,0,0,2,2,0,0,1,90.45,1266.1,1,0.86
3436,1,0,1,1,32,1,0,1,0,0,0,0,0,0,0,1,0,69.75,2347.9,1,0.765
4012,0,0,0,0,5,0,1,0,0,0,2,0,0,2,0,0,2,39.5,210.75,1,0.86
4229,1,0,1,0,40,1,2,1,0,0,0,0,2,2,0,1,0,97.1,3706.95,1,0.875
4921,0,0,0,0,5,1,0,1,0,0,0,0,0,2,0,1,2,80.0,412.5,1,0.925
1111,0,0,0,0,10,1,0,1,2,0,0,0,2,0,0,1,3,84.7,832.05,1,0.815
432,0,0,0,0,23,1,2,1,2,0,0,0,2,0,0,1,0,90.05,2169.8,1,0.725
3922,1,0,1,0,49,1,2,1,0,2,0,0,2,2,0,1,0,99.05,4853.75,1,0.83
4360,0,0,0,0,2,1,0,1,0,0,0,0,0,0,0,0,0,69.75,144.55,1,0.98
2164,0,0,0,0,2,1,0,0,0,2,0,0,0,0,0,1,1,49.05,91.1,1,0.81
445,1,0,0,0,7,1,2,1,0,0,2,0,2,2,0,1,0,98.05,713.0,1,0.93
1187,1,1,1,0,46,1,2,1,0,0,2,0,2,2,0,1,2,98.85,4564.9,0,0.935
6951,1,0,0,0,2,1,0,1,0,0,0,0,0,2,0,1,2,80.95,171.15,1,0.705
3089,0,1,0,0,13,1,0,1,0,0,2,0,0,0,0,1,2,74.3,940.35,1,0.825
6346,0,1,0,0,11,1,0,1,0,0,0,0,2,2,0,0,0,89.7,1047.7,1,0.91
6233,1,0,1,1,3,1,0,0,0,2,2,0,0,0,0,1,3,56.15,168.15,1,0.8
5222,0,0,1,0,9,1,0,1,0,0,0,0,0,2,0,1,2,79.75,769.1,0,0.8
6861,0,0,0,0,4,1,0,1,2,0,2,2,0,2,0,1,0,94.4,387.2,1,0.84
5759,1,1,1,0,39,1,2,1,0,2,2,0,2,2,0,1,2,105.65,4284.8,1,0.87
631,1,0,0,0,7,1,0,1,0,0,2,0,0,0,0,0,3,74.65,544.55,1,0.705
5859,0,0,1,0,14,1,2,0,2,0,0,0,2,0,0,1,0,64.7,941.0,1,0.725
3745,0,1,1,0,11,1,2,1,0,0,2,2,2,2,0,1,0,104.05,1133.65,1,0.91
573,1,0,0,0,1,0,1,0,0,0,0,0,0,2,0,1,2,35.55,35.55,1,0.995
5561,0,0,0,0,2,1,2,1,0,0,0,0,2,2,0,1,2,95.15,196.9,1,0.955
6238,1,0,1,1,13,1,0,1,0,0,2,0,2,2,0,1,3,96.65,1162.85,1,0.89
2862,0,1,1,0,3,1,0,1,0,0,0,0,2,0,0,1,2,80.4,224.05,1,0.845
4139,1,0,0,1,1,0,1,0,0,2,0,0,0,0,0,1,3,31.35,31.35,1,0.825
84,0,0,0,0,12,1,2,1,0,2,0,0,2,0,0,1,0,89.75,1052.4,1,0.84
63,1,0,0,0,1,1,0,2,1,1,1,1,1,1,0,1,2,19.85,19.85,1,0.71
2800,0,0,0,0,6,1,2,1,0,2,2,2,2,2,0,1,1,109.9,669.45,1,0.785
5946,1,1,0,0,21,1,0,0,0,0,2,0,2,0,0,1,0,60.05,1236.15,1,0.73
1084,1,0,0,0,7,1,2,1,0,0,2,0,2,0,0,1,2,90.45,593.45,1,0.77
4501,1,0,0,0,1,1,2,1,0,0,0,0,0,0,0,1,2,74.9,74.9,1,0.785
3895,0,0,0,0,1,1,0,1,0,0,0,0,2,0,0,1,2,80.25,80.25,1,0.955
6913,1,0,1,1,17,1,0,1,0,0,0,0,0,0,0,1,2,69.0,1149.65,1,0.85
6964,0,0,1,1,3,1,0,1,0,0,0,0,0,2,0,1,2,80.3,250.05,1,0.83
5651,1,0,0,0,24,1,2,1,0,2,0,0,2,0,0,1,1,90.55,2282.55,1,0.71
1105,0,0,0,0,2,1,2,1,0,0,0,0,0,0,0,1,2,75.9,143.35,1,0.76
2206,1,0,1,1,1,1,0,0,0,0,0,0,0,0,0,1,3,45.85,45.85,1,0.755
1146,1,0,1,1,34,1,0,1,0,0,0,0,2,0,0,0,2,78.3,2564.3,1,0.745
4116,1,0,0,0,3,1,2,1,0,0,0,0,0,0,0,1,2,76.95,228.4,1,0.965
3942,0,1,0,0,16,1,2,1,0,0,0,0,2,2,0,1,2,96.15,1529.2,1,0.975
3935,1,0,0,0,1,1,0,0,0,0,0,0,0,0,0,0,2,45.3,45.3,1,0.92
1953,1,0,0,0,1,1,0,0,0,0,0,0,0,0,0,0,3,45.05,45.05,1,0.75
5371,0,0,0,0,1,1,0,1,0,2,0,0,0,0,0,0,2,75.8,75.8,1,0.855
1361,0,0,0,0,7,1,0,1,0,0,0,0,0,2,0,1,2,79.3,523.15,1,0.905
2829,0,0,0,0,2,0,1,0,0,0,0,2,0,0,0,1,2,30.9,59.05,1,0.87
4829,0,1,1,0,68,1,2,1,0,2,0,0,0,2,0,1,0,89.6,6127.6,1,0.74
1657,1,0,1,0,59,1,2,1,2,2,2,0,2,2,1,1,2,110.15,6448.05,1,0.71
6014,1,1,1,0,15,1,2,1,0,0,0,0,0,2,0,1,0,85.6,1345.55,1,0.865
2347,1,1,0,0,16,1,2,1,0,0,0,0,2,0,0,1,2,86.6,1281.0,1,0.91
5550,0,0,0,0,18,1,2,1,0,0,0,0,2,0,0,1,2,85.2,1553.9,1,0.865
4526,0,0,1,0,34,1,2,1,0,0,0,0,2,2,0,1,2,97.65,3207.55,1,0.875
4669,1,0,1,0,47,1,2,1,0,2,2,2,2,2,0,1,2,109.55,5124.55,1,0.755
5111,0,1,0,0,1,1,0,1,0,0,0,0,0,0,0,1,2,69.25,69.25,1,0.995
1202,0,1,0,0,1,0,1,0,0,0,0,0,0,0,0,1,2,25.2,25.2,1,0.895
3258,1,0,0,0,2,1,0,0,0,0,0,0,0,0,0,1,3,45.0,96.45,1,0.77
1302,1,0,0,0,1,1,0,2,1,1,1,1,1,1,0,0,3,20.15,20.15,1,0.9379642857142858
6518,1,0,0,1,3,1,0,0,0,0,0,0,2,0,0,1,1,54.7,169.45,1,0.805
1963,0,0,1,1,14,1,2,1,0,0,2,0,0,2,0,1,2,87.25,1258.6,1,0.86
812,1,0,1,0,10,1,0,1,0,0,0,0,2,0,0,1,2,79.95,857.2,1,0.915
6614,0,0,0,0,18,1,2,1,0,0,0,2,2,0,0,1,2,88.35,1639.3,1,0.825
5624,0,0,0,0,9,1,2,1,0,0,0,0,2,2,0,1,2,94.75,889.9,1,0.955
2662,0,1,0,0,13,1,2,1,0,0,0,0,2,2,0,1,2,95.05,1290.0,1,0.92
2267,1,0,0,0,4,1,2,1,0,2,0,0,0,0,0,0,2,78.45,330.05,1,0.805
1754,1,0,0,0,4,1,0,1,0,0,0,0,0,0,0,1,2,70.2,237.95,1,0.84
5145,1,0,1,0,10,1,2,1,0,0,0,0,2,0,0,1,2,85.6,813.85,1,0.94
4643,0,1,0,0,1,1,0,1,0,0,0,0,2,0,0,1,2,79.2,79.2,1,0.98
2324,0,0,0,0,1,1,2,0,0,0,0,0,0,0,0,1,0,49.95,49.95,1,0.81
6070,0,1,1,0,34,1,2,1,0,2,2,0,0,2,0,1,2,94.25,3217.55,1,0.865
6691,0,0,0,0,64,1,2,1,0,0,2,0,2,2,1,1,1,100.05,6254.2,1,0.74
3843,0,1,0,0,4,1,0,1,0,2,2,0,2,2,0,1,1,99.8,442.85,1,0.945
4931,0,0,0,0,1,1,2,1,0,0,0,0,0,0,0,0,2,76.0,76.0,1,0.865
4987,0,1,0,0,2,1,2,1,0,0,0,0,2,2,0,1,2,93.85,170.85,1,0.99
3801,1,1,0,0,9,1,2,1,0,0,0,0,0,2,0,1,1,84.4,732.5,1,0.93
466,1,0,1,0,15,1,2,1,0,0,2,0,2,2,0,1,2,101.1,1504.05,1,0.935
1078,1,0,0,0,12,1,2,1,0,0,0,2,2,2,0,1,3,99.95,1132.75,1,0.93
6709,0,0,0,0,2,1,2,1,0,0,2,0,2,0,0,1,2,91.4,193.6,1,0.9
340,0,1,0,0,5,1,0,1,0,0,2,0,0,0,0,1,1,75.55,349.65,1,0.86
2041,1,0,0,1,4,1,2,1,0,0,0,2,0,0,0,0,1,80.8,332.45,1,0.905
2422,0,0,1,0,16,1,2,1,0,2,0,0,2,2,0,1,2,100.0,1534.75,1,0.705
2042,1,0,0,0,5,1,2,1,0,2,2,0,0,0,0,1,2,85.3,424.15,1,0.945
3334,0,0,0,0,4,1,0,1,0,0,0,0,0,0,0,0,2,70.4,281.0,1,0.825
3833,1,0,0,0,37,1,2,1,0,0,0,2,2,2,0,0,0,98.8,3475.55,1,0.77
5026,0,0,0,0,24,1,2,1,0,0,2,0,2,2,0,1,2,98.75,2407.3,1,0.92
6937,1,0,0,0,41,1,2,1,0,2,2,0,2,2,0,1,2,104.7,4346.4,1,0.875
6533,0,1,0,0,13,1,0,1,0,0,2,0,2,2,0,1,2,96.85,1235.55,0,0.915
6900,1,1,0,0,22,1,2,1,0,0,0,0,2,2,0,1,2,96.7,2082.95,1,0.73
3694,0,0,0,0,2,1,0,0,0,2,0,2,0,0,0,1,1,55.05,102.75,1,0.845
2270,1,1,0,0,19,1,2,1,0,2,0,0,2,0,0,1,2,88.2,1775.8,1,0.75
359,1,1,0,0,15,1,2,1,0,0,0,0,0,0,0,0,2,75.65,1146.65,1,0.835
3717,1,1,0,0,1,1,2,1,0,0,0,0,0,0,0,1,2,74.7,74.7,1,0.98
746,1,0,0,0,17,1,0,1,0,0,2,0,0,0,0,1,2,76.65,1313.55,1,0.775
451,0,1,0,0,1,0,1,0,0,0,0,0,0,0,0,1,3,25.8,25.8,1,0.97
5589,0,0,0,0,2,0,1,0,2,2,0,0,0,2,0,1,2,42.6,72.4,1,0.865
2584,1,0,1,1,2,1,0,1,0,0,2,2,0,2,0,0,1,90.0,190.05,1,0.865
6015,0,0,0,0,14,1,0,1,0,0,2,0,0,0,0,0,2,75.35,1025.95,1,0.775
216,0,0,1,0,5,1,0,1,0,0,0,0,0,0,0,0,2,69.95,330.15,1,0.735
7006,1,1,1,0,6,1,2,1,0,0,2,0,0,0,0,1,2,80.8,457.1,0,0.735
2222,0,0,0,0,1,1,0,1,0,2,0,2,2,0,0,0,2,91.7,91.7,1,0.875
436,0,0,0,0,16,1,2,1,0,2,2,0,0,2,0,1,1,95.6,1555.65,1,0.855
793,1,0,0,0,1,1,2,1,0,0,0,0,0,0,0,1,2,74.95,74.95,1,0.79
1821,1,1,0,0,10,1,2,1,0,0,0,0,2,2,0,1,2,95.35,898.35,1,0.93
5446,0,1,0,0,3,1,0,0,0,0,0,0,0,0,0,0,2,45.0,127.1,1,0.86
823,0,0,0,0,7,1,0,0,0,0,0,2,2,0,0,1,3,59.5,415.95,1,0.71
6596,1,1,1,0,12,1,0,1,0,0,0,0,0,2,0,1,2,80.45,950.2,1,0.84
5936,0,0,1,1,42,1,0,1,0,0,0,0,2,0,0,1,1,77.95,3384.0,1,0.745
1898,1,1,0,0,2,1,0,1,0,2,0,0,0,0,0,1,2,74.7,165.4,1,0.79
2132,1,1,0,0,1,1,2,1,0,0,2,0,2,0,0,1,2,88.8,88.8,1,0.945
4273,1,0,0,0,30,1,0,1,0,0,0,0,2,2,0,1,2,90.25,2755.35,1,0.755
2909,1,1,1,0,13,1,0,1,0,2,0,2,0,2,0,1,0,89.05,1169.35,1,0.84
5679,0,1,0,0,23,1,0,1,0,2,0,0,2,2,0,1,2,94.75,2293.6,1,0.78
2030,0,0,1,0,56,1,2,1,0,2,0,0,2,2,1,1,2,98.25,5508.35,1,0.735
2965,0,1,1,0,17,1,2,1,2,0,2,0,0,0,0,1,0,85.35,1463.45,1,0.72
1278,1,0,0,0,48,1,2,1,0,2,2,0,2,2,1,1,1,106.1,5082.8,1,0.755
3273,1,1,0,0,17,1,0,0,0,0,0,0,0,0,0,1,2,45.05,770.6,1,0.78
2323,0,0,0,0,34,1,2,1,2,2,2,0,2,2,0,1,3,109.8,3587.25,1,0.75
6663,0,1,0,0,42,1,2,1,0,0,0,0,2,0,0,1,2,84.65,3541.35,1,0.76
3859,1,0,1,1,11,1,0,1,0,0,0,0,2,0,0,1,0,79.5,868.5,1,0.815
2116,0,0,0,0,1,1,2,1,0,0,0,0,0,2,0,0,3,85.8,85.8,1,0.97
6043,1,1,0,0,1,1,0,1,0,0,0,0,2,0,0,1,2,79.1,79.1,1,0.985
847,1,0,1,1,50,1,2,1,2,0,2,0,2,2,0,0,1,105.95,5341.8,1,0.79
1392,1,0,0,0,5,1,0,1,0,0,0,0,0,0,0,1,2,69.75,324.6,1,0.86
3805,1,0,1,0,51,1,2,1,0,0,0,0,2,2,0,1,2,94.65,4812.75,1,0.82
3398,0,0,0,0,46,1,2,1,0,0,0,0,2,2,0,0,0,96.05,4399.5,1,0.735
246,0,0,0,0,1,0,1,0,0,0,0,0,2,0,0,1,2,34.7,34.7,1,0.91
6053,1,0,0,0,3,1,2,1,0,0,0,0,0,2,0,1,2,85.3,264.8,1,0.92
3078,0,0,1,0,21,1,2,1,2,0,2,0,2,2,0,1,0,104.4,2200.25,1,0.88
64,1,0,0,1,1,1,2,1,0,0,2,0,2,2,0,1,2,99.75,99.75,1,0.97
4193,0,1,0,0,17,1,2,1,0,0,0,0,2,2,0,1,2,94.2,1608.15,0,0.8
2719,1,0,0,0,1,1,2,0,0,0,0,0,2,0,0,1,2,59.85,59.85,1,0.78
5928,0,1,0,0,1,1,0,1,0,0,0,0,0,0,0,1,2,69.6,69.6,1,1.0
6898,1,0,0,0,1,1,0,1,0,0,0,0,0,0,0,1,2,69.9,69.9,1,0.7283333333333333
2234,0,0,1,1,3,1,2,1,0,0,0,0,0,2,0,1,0,84.75,264.85,1,0.94
6627,1,0,0,0,14,1,2,1,0,0,0,2,2,0,0,1,2,89.95,1178.4,1,0.935
5082,1,1,0,0,13,1,0,1,0,0,0,0,2,2,0,1,2,90.5,1201.15,1,0.925
5108,1,0,0,0,2,1,0,1,0,0,0,0,2,0,0,0,2,79.0,143.65,1,0.885
5932,1,0,0,1,1,1,0,1,0,0,0,0,0,0,0,1,2,71.65,71.65,1,0.98
5322,0,0,0,0,38,1,0,1,0,2,2,2,0,0,0,1,1,84.25,3264.5,1,0.725
2158,0,0,0,0,12,1,0,1,0,0,0,0,0,2,0,0,0,78.1,947.3,1,0.77
4184,0,0,1,0,19,1,2,1,0,0,2,0,0,2,0,0,3,89.65,1761.05,1,0.735
6467,0,0,0,0,10,1,2,1,2,0,0,0,2,2,0,1,2,98.7,973.25,1,0.955
4901,0,0,0,0,1,1,0,1,0,0,2,0,0,0,0,0,2,76.35,76.35,1,0.99
6755,1,1,1,0,32,1,2,1,0,0,0,0,0,2,0,1,2,85.0,2642.05,1,0.81
2464,1,1,1,0,32,1,2,1,0,0,0,0,0,2,0,0,2,85.3,2661.1,1,0.77
3457,0,0,0,1,31,1,2,1,0,0,0,0,2,0,0,1,1,86.55,2697.4,1,0.765
6004,1,0,0,0,19,1,0,1,0,2,0,0,0,0,0,1,1,73.85,1424.5,1,0.785
2181,1,1,1,0,57,0,1,0,0,0,0,0,2,2,0,1,2,44.85,2572.95,1,0.715
5731,1,1,0,0,1,1,0,0,0,0,0,0,0,0,0,0,2,45.1,45.1,1,0.8
4505,1,0,0,0,24,1,0,1,0,0,0,2,2,2,0,1,2,96.0,2122.45,1,0.73
1708,0,0,1,0,2,0,1,0,0,0,0,0,0,2,0,1,2,35.1,68.75,1,0.855
2560,1,0,0,0,1,1,0,0,0,0,0,0,0,0,0,0,1,46.2,46.2,1,0.835
1103,0,0,0,0,1,1,0,0,0,0,0,0,0,0,0,0,2,45.15,45.15,1,0.81
4752,1,1,0,0,1,0,1,0,0,2,2,0,0,2,0,1,2,43.3,43.3,1,0.895
3134,0,1,0,0,38,1,0,0,2,2,0,0,0,0,0,1,1,57.15,2250.65,1,0.725
5312,0,0,1,0,19,1,0,1,2,0,0,0,0,0,0,1,2,73.2,1441.1,1,0.715
2905,1,0,0,0,52,1,0,1,0,2,0,0,0,2,0,1,2,85.35,4338.6,1,0.72
5009,0,0,0,0,1,1,0,0,0,0,0,0,0,0,0,0,3,45.95,45.95,1,0.805
2433,1,0,0,0,1,1,0,1,0,0,0,0,0,0,0,1,2,70.05,70.05,1,0.8273809523809526
4578,1,0,0,0,2,1,2,1,0,0,0,0,0,2,0,1,2,86.0,165.45,1,0.955
6237,0,1,1,0,35,1,2,1,2,2,0,2,2,0,0,1,0,100.5,3653.35,1,0.74
4803,0,0,1,1,1,1,0,2,1,1,1,1,1,1,0,1,2,21.0,21.0,1,0.7985
2187,1,0,0,0,56,1,2,1,0,2,0,2,0,2,0,1,2,94.45,5124.6,1,0.715
3307,0,0,0,0,44,1,2,1,0,2,2,0,0,0,0,1,0,84.8,3862.55,1,0.8
2766,1,0,0,0,1,1,0,0,0,0,2,0,0,0,0,0,3,50.9,50.9,1,0.85
3175,1,0,1,1,47,1,2,1,0,0,2,2,2,2,0,1,0,107.35,5118.95,1,0.81
3192,0,0,0,0,3,1,0,1,2,2,0,0,0,0,0,1,2,79.1,246.5,1,0.74
5802,0,0,0,0,2,1,0,1,0,0,0,0,0,2,0,0,2,80.75,159.45,1,0.96
3556,1,0,0,1,1,1,0,1,0,2,0,0,0,0,0,1,2,75.35,75.35,1,0.945
4115,1,0,0,0,1,1,2,1,0,0,0,0,0,0,0,1,2,75.45,75.45,1,0.9
3863,0,0,1,0,7,1,0,1,0,0,0,0,2,0,0,1,2,81.1,576.65,1,0.775
694,1,0,1,0,11,1,2,1,0,0,0,0,0,0,0,1,2,74.95,825.7,1,0.875
6670,1,1,0,0,1,1,2,1,0,0,0,0,2,2,0,1,2,93.55,93.55,1,1.0
226,0,0,1,0,58,1,2,1,0,0,2,2,2,2,0,1,1,102.1,5885.4,1,0.72
3846,0,0,1,1,25,1,0,1,0,2,2,0,2,0,0,1,0,89.15,2257.75,1,0.81
2390,1,1,1,0,58,1,2,1,2,2,2,0,2,2,1,1,2,108.85,6287.25,1,0.705
3137,0,1,0,0,16,1,2,1,0,0,0,0,2,0,0,1,2,84.75,1350.15,1,0.94
6916,0,0,1,1,1,1,0,0,0,0,0,0,0,0,0,1,2,45.7,45.7,1,0.88
5667,0,1,0,0,1,1,0,1,0,0,0,0,0,0,0,1,2,69.95,69.95,1,0.9633333333333333
5395,0,0,1,0,2,0,1,0,0,0,0,0,2,2,0,0,2,44.6,97.1,1,0.88
2703,1,0,0,0,23,1,2,1,0,0,0,0,0,0,0,1,2,74.95,1710.45,1,0.8
6034,1,0,0,0,24,1,2,1,0,0,2,0,2,0,0,1,3,89.85,2165.05,1,0.72
6448,0,0,1,1,49,1,2,1,0,2,0,0,2,2,1,0,3,100.45,4941.8,1,0.765
131,1,0,0,0,5,1,2,0,0,0,0,0,0,0,0,0,2,47.15,223.15,1,0.845
6622,0,0,0,1,4,1,2,1,0,0,2,2,0,0,0,1,3,87.1,341.45,1,0.865
2139,1,0,0,0,5,1,2,1,0,0,0,0,0,0,0,1,0,75.9,357.75,1,0.935
4845,0,0,1,0,47,1,2,1,2,2,2,0,2,0,0,1,2,98.75,4533.7,1,0.765
6251,0,0,0,0,10,1,2,1,0,0,0,0,0,2,0,0,2,86.45,830.85,1,0.81
5017,0,0,0,0,1,1,0,0,0,0,0,0,0,0,0,1,3,45.3,45.3,1,0.755
3351,0,1,1,0,5,1,2,1,0,2,0,0,0,0,0,1,2,81.0,371.65,1,0.78
2635,0,0,1,0,15,1,0,1,0,0,0,0,2,2,0,0,2,88.15,1390.6,1,0.845
5888,1,0,0,0,1,1,0,2,1,1,1,1,1,1,0,1,3,20.2,20.2,1,0.8746666666666666
6468,0,0,1,1,26,1,0,1,0,0,0,0,2,2,0,1,2,90.8,2361.8,1,0.815
4457,1,0,0,0,22,1,2,1,0,2,0,0,0,0,0,1,2,79.35,1730.35,1,0.725
7009,1,1,0,0,21,1,0,1,0,0,2,0,2,2,0,1,0,96.8,2030.3,1,0.835
4369,1,0,1,0,47,1,2,1,0,2,2,0,0,0,0,1,0,83.35,4065.0,1,0.81
6841,0,0,0,0,2,1,2,0,0,0,0,0,0,0,0,1,2,49.4,106.55,1,0.79
1480,0,0,1,0,22,1,2,0,2,0,0,2,2,2,0,1,2,79.2,1742.75,1,0.705
4499,0,0,0,0,1,1,0,1,2,0,0,0,2,2,0,1,2,95.6,95.6,1,0.935
6074,0,0,0,0,49,1,2,0,2,2,0,0,0,0,0,1,1,59.75,2934.3,1,0.725
2215,0,0,0,0,1,1,0,1,0,0,0,0,0,0,0,0,2,71.35,71.35,1,0.96
3446,0,0,0,0,1,1,0,2,1,1,1,1,1,1,0,1,3,20.15,20.15,1,0.9361666666666666
734,1,0,0,1,1,1,0,1,0,0,0,0,0,0,0,0,0,69.75,69.75,1,0.905
2044,1,0,1,1,17,1,0,1,0,0,0,0,2,0,0,0,2,80.85,1400.85,1,0.84
2675,0,0,0,0,4,0,1,0,2,2,0,0,0,0,0,1,2,33.65,137.85,1,0.84
6539,1,0,0,0,1,1,0,1,0,0,0,0,2,0,0,1,2,79.95,79.95,1,0.95
2169,0,0,1,0,8,1,2,1,0,0,0,0,0,2,0,1,1,85.2,627.4,1,0.85
629,0,0,0,0,3,1,2,1,0,0,0,0,0,0,0,0,2,75.25,242.0,1,0.88
3030,1,0,0,0,1,1,2,0,0,0,2,0,0,0,0,0,2,54.35,54.35,1,0.835
6880,1,0,0,0,1,1,2,1,0,0,0,0,0,0,0,1,2,75.3,75.3,1,0.845
5707,0,1,0,0,1,1,0,1,0,0,0,0,0,0,0,1,2,70.55,70.55,1,0.76
2103,0,0,1,1,33,1,2,1,0,0,0,0,0,2,0,0,1,86.15,2745.7,1,0.77
357,0,0,1,0,30,1,2,1,0,0,0,0,0,2,0,1,2,85.0,2624.25,1,0.825
1884,0,0,0,0,2,1,0,1,0,0,0,0,0,2,0,0,2,80.55,184.1,1,0.93
3641,0,0,0,0,2,1,0,1,0,0,2,0,0,0,0,1,2,75.8,160.75,1,0.93
2824,1,1,1,0,29,1,2,1,0,0,2,0,2,2,0,1,2,98.5,3004.15,1,0.86
6387,1,1,1,0,13,1,2,1,0,0,0,0,2,2,0,1,2,95.25,1233.65,1,0.91
6128,1,1,1,0,7,1,2,1,0,0,0,0,0,0,0,1,3,74.4,527.9,1,0.77
5615,0,0,0,0,30,1,0,1,0,0,0,2,2,0,0,0,2,85.15,2555.9,1,0.76
3279,0,1,0,0,2,1,2,1,0,0,2,0,0,2,0,1,2,88.55,179.25,1,0.995
2798,0,1,0,0,1,1,0,1,0,0,0,0,2,2,0,1,2,91.3,91.3,1,0.965
1723,1,0,0,0,1,1,0,1,0,0,0,0,2,0,0,1,2,79.5,79.5,1,0.99
2239,1,1,1,0,57,1,2,1,0,2,2,0,0,2,0,1,0,95.25,5427.05,1,0.755
2985,0,0,1,0,7,1,0,1,0,0,2,0,2,0,0,1,2,86.25,587.1,1,0.875
5116,0,1,1,0,1,1,2,1,0,0,2,0,2,2,0,1,2,100.8,100.8,1,0.99
5911,0,0,0,0,14,1,0,1,0,2,0,0,0,2,0,1,2,86.3,1180.95,1,0.75
5800,0,0,0,0,28,1,2,1,0,2,0,0,0,2,0,1,2,89.95,2625.55,1,0.8
1735,1,1,1,0,17,1,0,1,0,2,0,0,0,0,0,1,2,76.45,1233.4,1,0.82
5099,0,0,1,1,1,1,2,1,2,0,2,0,2,2,0,1,2,102.45,102.45,1,0.925
4392,0,0,0,0,3,1,0,1,0,0,2,2,0,0,0,0,1,80.1,217.55,1,0.825
3149,0,0,0,0,2,1,0,1,0,0,0,0,2,0,0,1,2,80.2,146.05,1,0.88
1717,0,0,0,0,6,1,0,1,2,2,2,2,0,2,0,1,0,98.15,567.45,1,0.84
93,0,0,0,0,1,1,0,1,0,0,0,0,0,0,0,0,3,70.9,70.9,1,1.0
2903,0,1,0,0,3,1,0,1,0,0,2,0,2,0,0,1,2,86.85,220.95,1,0.915
205,1,0,1,1,23,1,0,1,2,0,0,2,2,2,0,1,2,99.85,2331.3,1,0.775
5098,1,0,1,1,1,1,2,1,0,0,0,0,0,0,0,1,2,74.5,74.5,1,0.98
1894,0,1,0,0,8,1,2,1,0,0,0,2,2,2,0,1,1,100.15,908.55,0,0.815
1089,1,1,1,1,66,1,2,1,0,0,2,0,2,2,0,1,1,99.5,6822.15,1,0.775
4346,1,0,0,0,1,1,0,1,0,0,0,0,0,0,0,1,3,71.55,71.55,1,0.965
3853,1,1,1,0,69,1,2,1,0,2,2,2,2,2,2,1,0,108.4,7318.2,1,0.73
5280,0,0,1,0,13,0,1,0,0,0,2,0,2,2,0,1,0,48.75,633.4,1,0.79
5291,0,0,0,0,4,1,2,1,0,0,0,0,2,0,0,1,2,85.65,321.65,1,0.95
1364,1,0,0,0,12,1,2,1,0,2,2,0,2,2,0,1,2,106.7,1253.9,1,0.815
1830,1,0,0,0,1,0,1,0,0,0,0,0,0,0,0,1,2,25.15,25.15,1,0.89
2713,0,0,1,0,54,1,2,1,0,2,2,2,2,2,1,0,2,110.35,5893.15,1,0.72
1903,0,1,1,0,15,1,2,1,0,0,2,2,0,0,0,1,2,83.05,1258.3,1,0.79
2243,1,0,1,0,17,1,0,1,0,0,0,0,0,0,0,1,0,70.4,1214.05,1,0.81
3207,0,1,0,0,56,1,2,1,0,2,2,0,2,2,1,1,0,104.75,5510.65,1,0.745
2867,0,1,0,0,21,1,2,1,0,0,0,0,2,2,0,1,2,94.25,1973.75,1,0.855
6162,0,0,0,0,5,1,2,1,0,0,0,0,2,0,0,1,2,84.0,424.75,0,0.805
3589,0,0,0,1,1,1,0,0,0,0,0,0,0,0,0,0,3,45.95,45.95,1,0.885
1247,0,1,0,0,1,1,0,1,0,0,0,0,0,0,0,1,2,70.15,70.15,1,0.765
142,0,0,0,0,1,1,0,1,0,0,2,0,2,0,0,1,1,85.55,85.55,1,0.97
1995,0,0,1,0,35,1,0,1,0,0,0,0,0,0,0,1,2,70.3,2416.55,1,0.8
2639,1,1,1,0,32,1,2,1,0,2,2,0,2,2,0,0,0,106.35,3520.75,1,0.77
3616,0,0,1,1,33,1,2,1,2,0,2,0,2,2,1,1,3,103.7,3467.0,1,0.74
2607,1,0,0,0,1,1,0,1,0,0,0,0,2,2,0,1,2,88.35,88.35,1,0.935
2029,0,0,1,1,8,1,0,1,0,0,2,0,2,2,0,1,2,94.2,777.3,1,0.83
5332,0,0,0,0,5,1,0,1,0,2,0,0,2,2,0,1,2,96.25,512.45,1,0.92
6965,0,1,1,1,40,1,2,1,0,0,0,0,2,2,0,1,1,94.55,3640.45,1,0.775
5568,1,0,0,0,1,0,1,0,0,0,0,0,0,2,0,0,2,35.9,35.9,1,0.885
5866,1,1,0,0,2,0,1,0,0,0,0,0,0,0,0,1,3,24.45,47.5,1,0.92
5031,0,0,0,0,8,1,2,1,2,0,0,2,2,2,0,1,0,103.35,847.3,1,0.91
6373,0,1,0,0,2,1,0,1,0,0,0,0,2,0,0,0,3,81.5,162.55,0,0.815
1496,1,1,0,0,7,1,2,1,0,0,0,0,2,0,0,1,2,84.8,546.95,1,0.87
863,0,1,0,0,31,1,2,1,0,2,0,0,2,2,0,1,2,99.95,3186.65,1,0.84
6489,0,1,0,0,14,1,2,1,0,2,2,0,2,2,0,1,2,104.85,1531.4,1,0.91
2320,1,0,1,1,28,1,2,1,2,2,0,0,2,2,1,0,2,106.1,2847.4,1,0.71
5997,0,0,0,0,5,1,0,1,0,2,0,2,0,2,0,1,2,89.35,461.7,1,0.86
1785,0,0,0,0,1,1,2,1,0,0,0,0,0,0,0,1,2,77.15,77.15,1,0.975
1182,1,0,0,0,1,0,1,0,0,0,0,0,0,2,0,1,0,35.25,35.25,1,0.885
1803,1,0,1,0,4,0,1,0,0,2,0,0,2,2,0,1,2,48.55,201.0,1,0.84
909,0,0,1,0,53,1,2,1,0,2,0,0,2,2,0,1,1,98.4,5149.5,1,0.73
268,1,1,1,0,59,1,2,1,0,0,0,0,2,2,0,1,0,93.85,5574.75,1,0.77
5420,1,1,1,1,46,1,2,1,2,2,2,0,2,0,0,1,2,100.7,4541.2,1,0.82
6981,0,0,0,0,14,1,2,1,0,0,2,0,0,0,0,1,2,80.45,1072.0,1,0.815
6481,1,0,1,0,13,0,1,0,2,0,0,2,2,2,0,1,2,54.45,706.85,1,0.74
1094,1,0,0,0,35,1,2,1,0,0,0,0,0,0,0,0,1,75.35,2636.05,1,0.78
5969,1,0,0,0,2,1,0,1,2,0,0,0,0,0,0,1,2,75.7,189.2,1,0.78
2588,1,0,0,0,1,1,2,1,0,0,0,0,0,0,0,1,3,74.25,74.25,1,0.865
6296,0,1,0,0,25,1,2,1,0,2,0,0,0,2,0,1,2,89.7,2187.55,1,0.935
5855,0,1,0,0,16,1,2,1,0,0,0,0,2,2,0,1,2,96.4,1581.2,1,0.945
3670,1,1,0,0,1,1,0,1,0,0,0,0,0,0,0,1,0,69.5,69.5,1,0.945
3812,1,1,1,0,36,1,2,1,0,0,0,0,0,2,0,1,1,85.25,3132.75,1,0.8
4074,1,0,0,0,1,1,0,2,1,1,1,1,1,1,0,0,3,19.4,19.4,1,0.7183333333333334
6300,0,0,0,0,9,1,2,1,0,0,0,0,0,2,0,1,2,83.3,803.3,1,0.78
2977,0,0,0,0,8,1,0,1,0,0,0,0,2,0,0,1,0,80.1,679.3,1,0.82
650,1,0,0,0,13,1,2,1,2,0,0,0,2,2,0,0,3,98.15,1230.25,1,0.855
5797,1,0,0,0,46,1,2,1,2,2,0,0,0,2,0,1,2,93.7,4154.8,1,0.705
3607,1,1,0,0,25,1,2,1,0,2,2,0,2,2,0,0,3,105.95,2655.25,1,0.84
276,1,0,1,0,60,1,2,1,0,2,2,0,2,0,0,1,2,95.75,5742.9,1,0.805
6750,1,0,1,0,30,1,2,1,0,0,0,0,2,2,0,1,1,94.05,2866.45,1,0.81
2847,0,0,0,0,1,1,0,0,0,0,0,0,0,2,0,1,3,54.75,54.75,1,0.92
3456,0,0,0,0,1,1,2,1,0,0,0,0,2,2,0,1,2,94.6,94.6,1,0.965
228,0,1,1,1,31,1,0,1,0,0,2,2,2,2,0,1,2,98.9,2911.3,1,0.77
5356,1,1,0,0,3,1,2,1,0,0,0,0,0,0,0,1,2,76.05,231.8,1,0.985
3926,1,1,0,0,1,1,0,1,0,0,0,0,0,0,0,1,2,69.75,69.75,1,0.99
3093,1,0,1,0,61,1,2,1,0,2,2,0,2,2,0,1,2,105.55,6281.45,1,0.78
4225,1,0,1,0,10,1,0,1,0,0,0,0,0,0,0,1,2,70.3,738.2,1,0.93
86,0,0,0,0,1,1,2,1,0,2,0,0,0,0,0,1,3,80.2,80.2,1,0.78
2325,0,1,0,0,33,1,2,1,0,2,2,2,2,2,0,1,2,110.45,3655.45,1,0.75
3540,1,0,0,0,2,1,0,1,0,0,0,0,0,0,0,0,1,70.7,140.7,1,0.745
4861,1,1,1,0,7,1,2,1,0,0,2,0,2,2,0,1,2,99.25,665.45,1,0.995
4873,1,0,1,0,1,1,0,1,0,0,0,2,2,0,0,1,2,84.8,84.8,1,0.835
4800,1,0,0,0,52,1,0,1,0,2,2,2,2,2,1,1,0,105.0,5426.85,1,0.755
1669,1,0,0,0,22,1,2,0,2,0,0,0,0,0,0,1,2,54.45,1127.35,1,0.73
1489,0,0,1,0,47,1,0,1,0,0,2,0,0,2,0,1,2,85.3,4045.65,1,0.815
2475,0,0,0,0,33,1,2,1,0,0,0,0,0,2,0,1,2,83.35,2757.85,1,0.865
1878,1,0,1,0,1,1,0,1,0,0,0,0,2,2,0,1,2,90.75,90.75,1,0.93
6724,0,0,0,1,4,1,2,1,0,2,0,0,2,0,0,0,3,89.6,365.65,1,0.825
5917,1,0,0,0,2,0,1,0,0,0,2,0,2,2,0,1,2,49.25,90.35,1,0.965
3250,0,0,0,0,19,1,2,1,2,2,0,0,0,2,0,1,2,95.15,1789.25,1,0.875
5966,1,0,0,0,22,1,2,1,2,0,0,0,2,2,0,1,0,101.35,2317.1,1,0.79
1784,0,0,0,0,4,1,0,1,0,0,0,0,0,0,0,1,1,70.05,266.9,1,0.895
5208,1,0,1,0,4,1,2,1,0,0,0,0,0,0,0,1,2,74.65,301.4,1,0.885
6640,1,0,0,0,4,1,2,0,0,0,0,0,0,0,0,0,3,50.4,206.6,1,0.825
5766,0,0,0,0,7,1,2,1,2,0,0,0,0,0,0,1,3,79.65,604.7,1,0.755
2983,1,1,0,0,19,1,2,1,0,0,2,0,0,0,0,1,2,79.85,1471.75,1,0.87
1077,1,0,1,0,5,1,2,1,0,2,0,0,0,0,0,1,2,78.75,412.1,1,0.94
1648,1,1,1,1,8,1,0,1,0,0,0,0,2,0,0,1,1,80.45,583.45,1,0.815
3325,0,0,0,0,1,1,2,0,0,0,0,0,0,0,0,1,3,50.1,50.1,1,0.745
5375,1,0,1,0,2,1,0,1,0,0,2,0,0,0,0,0,2,76.4,151.8,1,0.82
5621,1,0,0,0,3,1,0,1,0,0,2,2,2,2,0,1,2,98.7,293.65,1,0.87
6007,0,1,0,0,13,1,2,1,2,0,0,0,2,2,0,1,2,100.8,1308.1,1,0.965
5841,1,1,0,0,10,1,0,1,0,0,0,0,0,2,0,1,2,79.25,793.55,1,0.77
2357,1,0,0,0,5,1,2,1,0,0,0,0,2,2,0,1,0,94.85,462.8,1,0.905
787,0,0,0,0,2,1,2,1,0,0,0,0,0,2,0,1,2,85.7,169.8,1,0.995
2449,0,0,1,0,1,1,0,0,0,0,0,0,2,0,0,1,3,55.3,55.3,0,0.76
281,0,0,0,0,1,1,0,0,0,0,0,0,0,0,0,0,3,44.4,44.4,1,0.75
1168,1,1,0,0,5,1,0,1,0,0,0,0,2,2,0,1,2,89.5,477.7,1,0.885
3393,1,1,1,0,1,1,2,1,0,0,0,0,2,0,0,1,2,86.05,86.05,1,0.965
1710,1,0,0,0,4,0,1,0,0,0,0,0,2,2,0,1,2,44.55,174.3,1,0.88
2902,1,0,1,1,31,0,1,0,2,0,0,2,0,0,0,0,0,35.4,1077.5,1,0.705
4856,0,0,0,0,1,1,2,1,0,0,0,0,2,2,0,0,3,95.65,95.65,1,0.895
1658,0,1,0,0,10,0,1,0,0,0,0,0,0,2,0,1,2,34.7,329.8,1,0.735
4314,1,0,1,1,17,1,2,1,0,0,0,0,2,2,0,1,2,92.55,1515.1,1,0.895
1852,1,0,0,0,9,1,2,1,0,0,0,0,2,0,0,1,2,85.35,758.6,1,0.825
5175,0,0,0,1,4,1,0,1,0,0,2,2,2,2,0,1,0,98.1,396.3,1,0.89
3523,0,0,0,0,50,1,2,1,2,2,0,2,2,2,2,1,2,109.65,5551.15,1,0.71
487,0,1,0,0,9,1,2,1,0,0,0,0,0,0,0,1,2,74.55,622.9,1,0.8
4267,1,0,0,0,3,1,2,1,0,0,2,0,2,2,0,1,2,100.95,329.95,1,0.955
5115,1,0,0,0,10,1,0,1,0,0,2,0,2,2,0,1,2,94.9,1048.85,1,0.835
2087,1,1,1,0,32,1,2,1,0,0,2,2,2,2,0,1,2,104.9,3351.55,1,0.76
526,1,0,0,0,3,1,0,1,0,0,2,2,2,0,0,1,3,88.35,262.05,1,0.865
3401,1,0,1,1,29,1,0,1,2,0,0,0,2,2,0,0,1,94.65,2649.15,1,0.705
2871,1,1,1,0,1,1,2,1,0,0,0,0,0,0,0,1,2,74.4,74.4,1,0.96
1683,0,1,1,0,12,1,2,1,0,2,2,0,2,0,0,1,2,98.1,1060.2,1,0.9
6847,1,0,0,0,3,0,1,0,0,0,0,0,0,0,0,0,2,25.1,79.8,0,0.74
1551,0,1,1,0,4,1,2,1,2,0,0,0,2,2,0,1,2,99.6,347.65,1,0.91
1347,0,0,0,0,1,1,0,1,0,0,0,0,0,2,0,1,2,81.95,81.95,1,0.99
3537,1,0,1,0,7,1,0,1,0,0,0,0,0,0,0,1,2,69.35,451.1,1,0.845
1831,0,0,0,0,6,1,0,1,0,0,0,0,2,2,0,1,2,91.1,455.3,1,0.855
5306,1,0,1,0,14,1,2,1,0,0,0,0,2,0,0,1,2,86.1,1235.55,1,0.895
7028,1,0,1,0,22,1,2,1,0,0,0,0,0,2,0,1,2,85.1,1873.7,1,0.825
194,0,0,1,1,61,1,2,1,0,2,0,0,2,2,0,1,2,99.15,6010.05,1,0.715
4032,1,0,0,0,1,1,0,0,0,0,0,0,0,0,0,1,3,45.05,45.05,1,0.755
5250,0,1,0,1,1,1,0,1,0,0,0,0,0,0,0,1,2,71.0,71.0,1,0.92
335,0,0,0,0,1,1,0,1,0,0,0,0,0,2,0,1,2,79.7,79.7,1,0.99
5566,1,0,0,0,22,1,2,0,2,2,0,0,0,0,0,0,2,59.0,1254.7,1,0.705
464,0,1,1,1,1,1,0,1,0,0,0,0,0,0,0,1,2,69.25,69.25,1,0.945
411,1,0,1,0,20,1,0,1,0,0,0,0,2,2,0,1,3,89.0,1820.45,1,0.83
5514,1,0,1,0,18,1,2,1,2,0,0,0,2,2,0,1,2,99.4,1742.95,1,0.86
6851,0,0,0,0,1,1,0,1,0,0,2,0,0,0,0,0,0,73.5,73.5,1,0.845
379,1,0,0,0,9,1,2,1,0,0,0,0,2,2,0,1,2,95.5,829.1,1,0.865
2333,0,0,1,0,28,1,0,1,2,0,0,0,2,2,0,1,3,92.35,2602.9,1,0.745
982,1,0,0,0,11,1,0,1,0,2,0,0,0,0,0,1,2,74.55,824.75,1,0.89
3929,1,0,0,0,1,1,0,1,0,0,0,0,0,0,0,1,2,69.9,69.9,0,0.7283333333333333
6213,1,1,0,0,12,1,0,1,0,2,2,2,0,0,0,1,3,83.8,1029.75,1,0.825
4465,1,1,0,0,53,0,1,0,0,2,2,0,2,2,0,1,2,54.45,2854.55,1,0.795
1962,1,1,1,0,41,1,2,1,0,0,2,0,2,2,0,1,2,99.8,4259.3,1,0.96
1537,0,0,1,1,20,1,2,1,0,2,2,0,2,2,0,1,0,105.85,2239.65,1,0.725
5253,0,0,0,0,7,1,2,1,0,0,0,0,0,0,0,0,3,75.45,480.75,1,0.8
3218,1,0,0,0,7,1,2,1,0,0,0,0,2,2,0,1,2,93.85,635.6,1,0.79
2259,0,0,1,1,3,0,1,0,0,0,0,2,0,0,0,1,3,31.0,95.05,1,0.755
1937,1,1,0,0,5,1,0,1,0,0,0,0,0,0,0,1,3,70.25,331.9,1,0.765
401,0,0,1,1,62,1,0,1,0,2,2,0,2,2,0,1,2,100.15,6283.3,1,0.76
1584,1,0,0,0,10,0,1,0,0,0,0,0,0,2,0,1,3,33.9,298.45,1,0.81
1270,1,1,1,0,69,1,2,1,0,2,0,0,2,0,0,1,2,89.95,6143.15,1,0.71
5393,1,0,0,0,12,1,2,1,0,0,0,0,2,0,0,1,2,84.45,1059.55,1,0.89
1808,1,0,0,1,27,1,2,1,0,0,0,2,0,0,0,1,2,79.5,2180.55,1,0.725
2672,1,0,1,1,1,1,0,1,0,0,0,0,2,2,0,0,3,89.15,89.15,1,0.805
4265,0,1,0,0,32,1,0,1,0,2,0,0,0,0,0,1,2,74.4,2276.95,1,0.84
3117,0,0,0,0,3,1,0,0,0,0,0,0,0,2,0,1,2,55.3,196.15,1,0.765
4398,0,0,1,1,22,1,0,0,0,2,0,2,0,0,0,0,2,55.15,1206.05,1,0.73
4332,0,0,1,0,16,1,2,1,0,0,0,0,2,0,0,1,2,84.95,1378.25,1,0.88
1194,1,0,0,0,1,1,0,1,0,0,0,0,2,0,0,1,2,79.55,79.55,1,0.985
2750,0,1,1,0,50,1,0,1,0,0,0,0,0,0,0,1,2,71.05,3444.85,1,0.75
5053,1,0,0,0,1,1,2,1,0,0,0,0,2,0,0,0,2,84.5,84.5,1,0.865
2566,0,1,0,0,2,0,1,0,0,0,2,0,0,0,0,1,2,30.4,78.65,1,0.905
1061,0,0,1,0,32,1,0,1,0,2,0,0,0,2,0,0,0,84.15,2585.95,1,0.785
599,0,0,0,0,5,1,0,1,0,0,0,2,0,2,0,1,1,85.4,425.9,1,0.87
416,1,0,0,1,49,1,2,1,0,0,0,0,0,0,0,0,1,75.2,3678.3,1,0.815
5760,1,1,0,0,23,1,2,1,0,2,2,0,2,2,0,1,2,106.4,2483.5,1,0.865
4969,1,0,0,0,6,1,0,1,0,2,0,0,0,2,0,1,2,84.4,556.35,1,0.865
2966,0,0,0,0,6,1,0,0,2,2,0,0,0,0,0,0,2,56.25,389.1,1,0.725
3738,0,1,0,0,2,1,2,1,0,0,0,0,2,0,0,1,2,85.55,187.45,1,0.985
1449,0,0,0,0,4,1,0,0,0,2,0,0,2,2,0,1,0,68.65,261.25,1,0.785
4516,1,0,0,0,4,1,0,1,0,0,0,0,2,0,0,0,2,77.85,299.2,1,0.935
3555,1,0,0,0,3,1,2,1,0,2,2,0,2,2,0,1,0,105.35,323.25,1,0.825
4946,0,0,0,0,8,1,2,1,0,0,0,0,2,0,0,1,2,87.05,762.1,1,0.865
1641,1,0,0,0,1,1,0,0,0,0,0,0,2,0,0,1,3,53.5,53.5,1,0.87
4272,0,0,0,0,1,0,1,0,0,0,0,0,0,0,0,1,3,25.1,25.1,1,0.79
2964,1,1,1,0,30,1,0,1,0,2,2,0,0,0,0,1,3,79.65,2365.15,1,0.8
352,0,0,0,0,5,1,0,0,2,0,0,2,0,0,0,0,2,54.2,308.25,1,0.76
6470,0,1,0,0,1,1,0,2,1,1,1,1,1,1,0,1,2,19.45,19.45,1,0.735
3385,0,0,0,0,13,1,2,1,0,2,2,0,0,0,0,1,2,84.45,1058.6,1,0.9
6117,0,1,0,0,16,1,0,0,0,0,0,2,2,0,0,0,2,59.4,1023.9,1,0.73
3360,0,1,0,0,38,1,2,1,0,0,0,2,2,2,0,1,2,99.55,3734.25,1,0.745
3576,0,0,0,0,1,1,0,0,0,0,0,0,0,0,0,1,2,45.3,45.3,1,0.91
786,1,0,0,0,2,0,1,0,0,0,0,2,0,0,0,0,0,29.85,75.6,1,0.77
3994,1,1,0,0,2,1,0,1,0,2,2,2,0,2,0,1,1,95.1,180.25,1,0.875
3442,1,0,0,0,1,1,0,2,1,1,1,1,1,1,0,0,3,19.8,19.8,1,0.8040000000000002
2019,0,0,0,0,4,1,0,1,0,2,0,0,0,0,0,1,0,76.65,333.6,1,0.85
2959,0,0,1,1,5,1,0,1,0,2,0,2,2,2,0,1,3,99.15,465.05,1,0.865
2108,1,0,0,0,9,1,0,0,0,0,0,0,0,0,0,0,3,44.95,431.0,1,0.715
3632,1,1,0,0,3,1,2,1,0,0,0,0,2,2,0,1,2,94.85,335.75,0,0.945
5941,1,0,0,1,25,1,0,1,0,2,0,0,2,2,0,1,2,95.9,2448.75,1,0.745
5235,1,1,1,0,17,1,0,1,0,0,0,0,0,2,0,0,0,81.5,1329.2,1,0.8
1956,1,0,1,0,52,1,0,1,2,0,0,0,2,0,0,0,2,84.1,4348.65,1,0.705
5592,1,1,1,0,3,0,1,0,0,0,0,0,2,0,0,1,3,36.45,93.7,1,0.93
6969,0,1,0,0,1,0,1,0,0,0,0,0,0,0,0,0,3,25.05,25.05,1,0.945
398,0,0,0,0,8,1,0,0,2,0,0,0,0,0,0,1,2,49.85,365.55,1,0.74
4529,0,1,1,0,43,0,1,0,0,2,2,0,2,2,0,0,1,55.55,2342.2,1,0.705
608,1,0,1,0,54,1,2,1,0,2,2,0,2,2,0,1,2,104.3,5278.15,1,0.875
3901,1,0,0,0,1,1,0,0,0,0,0,0,0,2,0,1,2,55.25,55.25,0,0.78
5778,0,0,0,0,1,1,2,1,0,0,0,0,2,2,0,1,2,93.85,93.85,1,0.97
5146,0,0,1,1,1,1,0,0,0,0,2,0,0,0,0,0,3,50.45,50.45,1,0.895
2819,0,0,0,0,7,1,2,0,0,0,0,2,2,2,0,1,2,74.65,521.1,1,0.78
3911,0,0,0,0,12,1,2,1,0,0,0,0,2,2,0,1,2,94.2,1046.1,1,0.945
6242,0,0,1,0,54,1,2,1,2,2,0,0,2,2,1,0,0,106.55,5763.3,1,0.725
2194,1,0,0,0,1,1,0,2,1,1,1,1,1,1,0,0,3,20.1,20.1,1,0.93625
311,0,0,1,1,23,1,0,1,0,2,2,2,0,0,0,0,2,83.8,1900.25,1,0.735
6215,1,0,0,0,3,1,0,0,0,0,0,0,2,0,0,0,3,55.15,159.15,1,0.815
5512,1,1,1,0,10,1,2,1,0,0,0,0,0,2,0,1,2,86.65,856.65,1,0.945
6826,0,1,0,0,37,1,2,1,2,2,0,0,2,2,0,1,0,106.75,4056.75,1,0.715
3899,0,0,1,1,34,1,2,1,0,0,2,0,2,0,0,0,2,87.45,2874.15,1,0.73
6834,1,0,1,1,29,1,0,1,0,0,0,0,0,0,0,1,2,70.75,1974.8,1,0.775
2893,0,0,0,0,4,1,2,1,0,0,0,2,2,2,0,1,3,100.85,399.25,0,0.845
2737,1,1,1,0,12,1,2,1,0,2,0,0,2,2,0,1,2,101.35,1218.55,1,0.98
4805,1,0,0,0,1,1,2,1,2,0,0,0,0,0,0,1,2,81.7,81.7,1,0.805
2945,0,0,0,0,4,1,0,1,0,0,0,0,0,2,0,1,2,79.15,317.25,1,0.905
2315,1,1,0,0,35,1,2,1,0,0,0,0,2,2,0,1,2,95.45,3474.05,1,0.88
736,0,0,1,1,1,1,0,1,0,0,0,0,0,0,0,1,3,69.1,69.1,1,0.955
1802,0,1,0,0,1,1,0,1,0,0,0,0,0,0,0,1,2,69.6,69.6,1,1.0
5519,0,0,0,0,4,1,2,1,0,2,0,0,0,0,0,0,0,77.95,305.55,1,0.89
6955,0,1,0,0,1,1,0,1,0,0,0,0,2,0,0,0,2,78.45,78.45,1,0.94
2712,0,0,0,0,2,1,0,0,2,0,0,0,2,2,0,1,2,70.75,146.9,1,0.785
5711,0,1,0,0,9,1,2,1,0,0,0,0,0,2,0,1,2,84.45,762.5,1,0.89
3548,0,0,0,0,1,1,0,1,0,0,2,0,0,0,0,0,2,75.55,75.55,0,0.93
478,1,0,0,0,4,1,2,1,0,0,0,0,0,2,0,1,2,85.65,338.9,1,0.975
5876,1,1,0,0,51,1,2,1,0,0,2,0,2,2,0,1,2,97.8,4913.3,1,0.9
221,0,0,0,0,41,1,2,1,0,2,2,0,2,2,0,1,2,106.3,4443.45,1,0.84
1041,0,0,0,0,12,1,0,1,0,0,2,2,0,2,0,1,2,89.4,1095.65,1,0.78
4260,0,1,0,0,5,1,2,1,0,0,0,0,2,0,0,1,1,83.15,446.05,1,0.78
4491,1,0,0,0,10,1,2,1,0,0,0,0,0,0,0,1,3,74.15,811.8,1,0.785
1744,0,1,0,0,2,1,2,1,0,0,0,0,0,2,0,1,2,84.05,186.05,0,0.965
612,0,0,1,0,11,1,2,1,0,0,2,0,2,2,0,1,2,99.5,1056.95,1,0.975
6433,0,0,0,0,1,1,2,1,0,0,0,0,0,2,0,1,3,85.45,85.45,1,0.99
1527,0,0,1,1,4,1,2,0,0,0,0,0,0,0,0,0,3,50.85,239.55,1,0.785
2729,0,0,0,1,1,1,0,0,0,0,2,0,0,2,0,0,2,59.2,59.2,1,0.9
472,1,0,0,0,13,1,0,1,0,0,2,0,2,0,0,1,2,83.2,1060.6,1,0.84
2553,0,0,0,0,1,1,0,0,2,2,0,0,0,0,0,1,2,54.9,54.9,1,0.82
3913,0,0,1,0,21,1,2,1,2,0,2,0,2,2,0,1,2,103.9,2254.2,1,0.905
1724,0,1,0,0,2,1,2,1,0,0,0,0,0,0,0,1,3,75.45,158.4,1,0.92
5360,0,1,0,0,2,1,0,0,2,2,0,0,0,0,0,0,3,54.85,104.2,1,0.815
3663,1,1,1,0,1,1,2,1,0,0,0,0,2,2,0,1,2,95.1,95.1,1,0.985
3191,0,0,1,1,4,1,0,1,0,0,2,0,0,0,0,1,2,73.75,325.45,1,0.82
5318,1,0,0,0,12,1,2,1,0,0,0,0,2,2,0,1,2,96.05,1148.1,1,0.84
3487,0,0,0,0,4,1,2,1,0,2,0,0,0,2,0,1,2,88.95,355.2,1,0.78
1431,0,0,0,0,4,1,0,0,0,2,0,0,0,0,0,0,1,50.7,151.3,1,0.835
3462,1,0,0,0,3,1,0,0,0,0,0,0,2,0,0,0,1,53.4,188.7,1,0.825
5013,1,1,1,0,53,1,2,1,0,2,0,0,2,2,0,1,2,101.9,5549.4,1,0.87
2877,1,0,0,0,10,1,0,1,0,0,0,0,2,2,0,1,2,89.5,863.1,1,0.895
3133,1,0,0,0,1,1,0,1,0,0,0,0,0,0,0,1,2,69.8,69.8,1,0.9671785714285712
1667,1,0,1,0,24,1,2,1,0,0,2,0,2,2,0,1,2,101.05,2391.8,1,0.88
5163,1,0,0,0,1,1,0,1,0,0,0,0,2,2,0,1,2,90.55,90.55,1,0.97
198,0,0,0,0,26,1,0,1,0,0,0,0,2,2,0,1,0,88.8,2274.35,1,0.775
2690,1,0,0,0,7,1,2,1,0,0,0,0,0,2,0,1,3,85.2,602.55,1,0.935
5961,1,1,0,0,5,1,0,1,0,0,0,0,2,2,0,1,2,91.4,449.75,1,0.935
4403,1,0,0,0,2,1,2,1,0,0,0,0,0,0,0,1,1,73.25,131.05,1,0.875
3948,0,0,1,1,9,1,2,1,0,0,0,0,2,0,0,1,0,85.35,754.65,1,0.905
3509,1,1,0,0,1,1,2,1,0,0,0,0,0,0,0,1,2,75.35,75.35,1,0.96
5482,1,0,0,0,43,1,0,1,2,0,0,0,0,0,0,1,2,75.2,3198.6,1,0.73
5364,1,0,0,0,3,1,0,0,0,0,0,0,0,0,0,1,2,43.3,123.65,1,0.86
514,1,0,1,0,70,1,0,1,2,2,2,2,2,2,1,1,0,109.5,7534.65,1,0.725
3290,0,1,0,0,11,1,2,1,0,0,0,0,0,2,0,1,1,84.8,906.85,1,0.78
4155,0,1,1,0,50,1,2,1,0,2,2,0,2,0,0,1,2,95.05,4888.7,1,0.835
6358,1,1,0,0,5,1,0,0,0,0,2,0,0,0,0,0,2,50.35,237.25,1,0.8
2628,1,0,1,0,1,1,2,1,0,0,0,0,0,0,0,1,0,74.6,74.6,1,0.93
6648,0,0,0,0,15,1,0,0,0,0,2,0,0,2,0,1,2,59.45,892.65,1,0.715
1465,0,0,0,1,46,1,0,1,2,2,0,2,2,2,1,1,0,105.2,4822.85,1,0.705
1509,1,0,0,0,8,1,0,0,0,0,0,0,0,0,0,1,3,45.15,438.4,1,0.705
659,1,0,0,0,32,1,0,1,0,0,0,2,2,2,0,1,2,96.2,3183.4,1,0.71
5369,0,0,0,1,1,1,0,1,0,0,0,0,0,2,0,1,2,79.6,79.6,1,0.81
4475,1,0,0,0,20,1,2,1,0,0,0,0,2,0,0,1,2,85.25,1734.5,1,0.895
1110,1,1,0,0,5,1,2,1,0,2,0,0,0,2,0,1,2,89.8,502.6,1,0.92
1136,0,0,1,1,14,1,0,1,0,2,0,2,0,2,0,1,1,89.65,1208.35,1,0.78
160,0,0,0,1,9,1,0,0,0,0,2,2,2,2,0,1,3,72.9,651.4,1,0.735
4394,1,1,0,0,9,1,2,1,0,2,0,0,2,2,0,1,1,99.45,919.4,1,0.86
82,0,0,0,0,2,1,0,1,2,2,0,2,0,0,0,1,2,86.25,181.65,1,0.75
4335,0,0,0,0,1,1,0,0,0,0,0,0,0,0,0,1,2,45.65,45.65,1,0.95
6705,1,0,0,0,8,1,0,1,0,0,0,0,0,0,0,1,3,70.1,551.35,1,0.725
1548,0,1,0,0,2,1,0,1,0,0,0,0,0,0,0,1,0,70.2,115.95,1,0.935
6072,1,1,1,1,51,1,2,1,0,2,2,0,0,0,0,1,2,84.2,4146.05,1,0.785
1037,1,0,0,0,2,1,0,0,0,0,0,0,0,0,0,0,3,45.85,81.0,1,0.805
2240,1,0,0,0,39,1,2,1,0,0,0,0,0,0,0,0,2,75.25,3017.65,1,0.83
1787,0,0,0,0,12,1,2,1,0,0,2,0,2,2,0,1,0,100.15,1164.3,1,0.935
4890,1,1,1,1,26,1,2,1,0,2,2,0,2,2,0,0,2,105.75,2710.25,1,0.89
2331,0,1,1,0,18,0,1,0,0,0,2,0,2,2,0,1,2,48.35,810.7,1,0.85
5359,0,1,1,0,2,1,0,0,0,2,0,0,0,0,0,0,1,50.15,115.1,1,0.825
1204,1,1,1,0,29,1,2,1,0,2,2,0,0,2,0,1,2,95.9,2745.2,1,0.925
412,0,1,0,0,1,0,1,0,0,0,0,0,0,0,0,0,2,25.25,25.25,1,0.775
2229,0,0,1,1,50,1,2,1,0,0,0,0,2,0,0,1,0,84.4,4116.15,1,0.765
6223,0,0,0,0,1,1,2,1,0,0,0,0,0,0,0,1,2,75.1,75.1,1,0.89
1167,1,0,0,0,42,1,2,1,0,2,0,0,2,2,0,1,2,101.75,4273.45,1,0.905
5548,0,0,0,0,1,1,0,0,0,0,0,0,0,0,0,0,2,45.8,45.8,1,0.945
855,1,0,0,0,1,1,0,2,1,1,1,1,1,1,0,1,3,20.1,20.1,1,0.815
568,1,0,1,0,9,0,1,0,0,0,0,2,2,0,0,0,3,40.65,328.95,1,0.74
3086,1,1,1,0,46,1,2,1,0,0,2,0,2,2,0,1,2,101.0,4680.05,1,0.93
2595,1,0,0,0,1,1,0,1,0,0,0,0,0,0,0,1,2,69.1,69.1,1,1.0
4849,1,0,1,1,19,1,0,1,0,2,0,2,2,2,1,0,0,100.0,1888.65,1,0.735
6659,0,1,0,0,1,1,0,1,0,0,0,0,0,0,0,1,2,71.15,71.15,1,0.755
4279,0,0,0,0,24,0,1,0,0,2,2,0,2,2,0,1,1,54.15,1240.25,1,0.72
2189,0,0,1,0,6,1,0,0,0,0,0,2,0,0,0,1,2,49.15,270.8,1,0.755
3380,0,1,0,0,20,1,2,1,2,0,0,0,0,0,0,1,2,79.15,1520.9,1,0.76
4737,0,0,1,0,11,1,2,1,0,2,0,0,2,2,0,1,2,102.0,1145.35,1,0.8
661,0,0,0,0,1,1,0,1,0,0,0,0,0,0,0,1,3,70.8,70.8,1,0.84
1322,1,0,0,0,16,1,2,1,0,0,0,2,0,2,0,1,1,89.05,1448.6,1,0.77
6382,0,0,0,0,3,1,2,1,0,0,0,0,2,2,0,1,2,96.6,291.9,1,0.965
4804,0,0,1,0,57,1,2,1,0,2,2,0,2,2,0,1,1,104.5,5921.35,1,0.8
6057,0,0,0,0,5,1,2,0,0,0,0,0,0,0,0,1,3,50.6,249.95,1,0.8
1646,1,0,0,1,4,1,0,0,2,0,0,0,0,0,0,0,2,49.35,219.65,1,0.77
1811,1,0,0,0,7,1,0,1,0,2,0,0,2,2,0,1,2,94.25,669.0,1,0.93
3364,0,0,1,0,1,1,0,1,0,0,0,0,0,0,0,1,2,68.95,68.95,1,0.995
3079,1,1,0,0,2,1,2,1,0,0,0,0,2,2,0,1,2,93.85,196.75,1,0.98
5976,1,0,0,0,4,1,2,1,0,0,0,0,0,0,0,1,2,76.05,318.9,1,0.885
6443,1,0,0,0,1,0,1,0,0,0,0,0,0,0,0,1,3,24.45,24.45,1,0.75
5285,1,0,0,0,7,1,2,1,0,0,2,0,2,0,0,1,1,89.35,631.85,1,0.865
2052,1,0,1,0,4,1,0,1,0,0,0,0,2,0,0,1,2,80.35,307.4,1,0.865
2942,0,1,0,0,1,1,0,0,2,0,2,0,0,0,0,1,2,55.8,55.8,1,0.89
4215,1,0,0,0,1,1,0,1,0,0,0,0,2,0,0,1,2,79.05,79.05,1,0.995
468,1,0,1,0,1,1,0,1,2,0,0,0,2,2,0,1,2,95.0,95.0,1,0.92
1262,1,1,0,0,41,1,2,1,0,0,2,0,2,2,0,1,2,98.4,4187.75,1,0.905
3494,1,1,0,0,35,1,2,1,0,0,2,0,2,2,0,1,2,101.4,3496.3,1,0.92
5912,1,1,1,0,10,1,2,1,0,0,2,0,0,2,0,1,2,89.8,914.3,1,0.82
4759,0,1,0,0,26,1,0,1,0,0,0,0,2,2,0,1,2,91.25,2351.8,1,0.79
4172,0,1,0,0,18,1,2,1,0,2,0,2,0,0,0,1,2,85.45,1505.85,1,0.85
6092,1,1,0,0,1,1,0,1,0,0,0,0,0,0,0,1,2,71.65,71.65,1,0.835
6075,1,0,1,0,24,1,2,1,0,2,2,0,2,2,0,1,2,104.65,2542.45,1,0.92
6541,0,0,0,0,3,1,2,1,0,0,0,0,0,0,0,1,2,74.25,210.3,1,0.74
5927,1,1,1,0,43,1,2,1,0,2,0,0,2,2,0,1,2,101.0,4388.4,1,0.955
1817,1,0,1,0,4,1,2,1,0,2,0,0,2,2,0,1,2,100.2,420.2,1,0.97
2755,0,0,0,0,4,1,0,1,0,2,2,2,2,2,1,1,2,105.65,443.9,1,0.765
2831,1,1,1,0,36,1,2,1,0,2,0,0,2,2,0,1,2,96.5,3436.1,1,0.875
550,1,1,1,0,1,1,0,1,0,0,0,0,0,0,0,0,3,70.85,70.85,1,0.895
2,1,0,0,0,4,1,0,1,0,0,2,0,0,0,0,1,2,73.9,280.85,1,0.86
3755,1,0,0,0,3,1,2,1,0,0,2,0,2,2,0,1,0,101.55,298.35,1,0.94
1653,1,1,1,1,41,1,2,1,0,2,2,2,2,2,1,1,2,111.95,4534.9,1,0.775
5218,1,0,0,0,1,1,0,0,0,0,0,0,0,0,0,0,2,45.75,45.75,1,0.875
3129,1,0,0,0,11,1,0,1,0,2,0,0,0,0,0,0,2,74.95,815.5,1,0.71
4305,0,0,0,0,1,1,0,1,0,0,0,0,0,2,0,0,1,80.15,80.15,1,0.96
4067,0,0,0,0,3,0,1,0,0,0,0,0,2,0,0,0,1,35.2,108.95,1,0.805
4513,0,0,1,0,1,1,0,1,0,0,0,0,2,0,0,0,2,78.8,78.8,1,0.985
6303,0,0,0,0,47,1,2,1,0,2,2,0,2,2,0,1,2,106.4,5127.95,1,0.825
676,1,0,0,0,18,1,0,0,2,0,0,0,0,0,0,0,2,49.4,874.8,1,0.78
2715,1,1,0,0,1,1,0,1,0,0,0,0,0,0,0,0,2,69.1,69.1,1,0.955
4467,1,0,1,1,20,1,0,1,0,0,0,0,2,2,0,1,2,90.2,1776.55,1,0.855
6355,0,0,0,0,6,1,2,1,0,0,0,0,2,2,0,1,0,93.55,536.4,1,0.94
3736,1,0,0,0,1,1,0,1,0,0,0,0,0,2,0,1,3,80.85,80.85,1,0.885
896,0,1,0,0,2,1,2,1,0,0,2,0,0,0,0,1,2,78.55,149.55,1,0.95
6307,0,0,0,1,1,1,0,1,0,0,0,0,0,2,0,0,2,78.65,78.65,1,0.955
3637,0,0,0,0,9,0,1,0,2,0,2,2,2,2,0,0,3,58.5,539.85,1,0.755
4005,1,1,0,0,49,1,2,1,0,0,0,0,2,2,0,1,2,96.2,4718.25,1,0.945
3131,0,1,0,0,6,1,0,1,0,0,2,0,0,0,0,0,2,74.4,434.1,1,0.78
3193,0,0,1,0,6,1,2,1,0,2,2,0,2,2,0,1,2,105.3,545.2,1,0.89
6325,0,1,1,0,7,1,2,1,0,0,0,0,0,2,0,1,2,84.55,646.85,1,0.97
3728,0,0,0,0,4,0,1,0,0,0,0,0,0,0,0,1,2,24.45,86.6,1,0.865
6254,1,0,0,0,28,1,2,1,0,2,2,0,2,2,0,1,2,105.7,2979.5,1,0.865
1177,0,0,0,0,4,1,2,1,0,2,0,2,0,2,0,1,2,93.5,362.2,1,0.885
275,0,1,1,0,54,1,2,1,0,2,0,0,2,2,1,1,1,101.5,5373.1,1,0.805
417,1,0,0,1,28,1,0,1,2,0,0,0,0,0,0,1,0,74.9,2068.55,1,0.75
3737,0,1,0,0,2,1,0,1,0,0,0,0,0,0,0,1,2,69.6,131.65,1,0.865
4738,0,0,0,0,1,1,0,0,0,2,0,0,0,0,0,0,2,50.55,50.55,1,0.77
4679,1,0,0,0,14,1,2,1,0,2,0,0,2,2,0,1,2,100.55,1415.55,1,0.915
2970,0,0,1,1,1,1,0,2,1,1,1,1,1,1,0,1,3,20.5,20.5,1,0.8375
2071,1,0,0,0,4,1,0,1,0,0,2,0,0,0,0,1,0,74.8,321.9,1,0.91
3960,0,0,1,0,20,0,1,0,0,0,0,0,0,0,0,1,2,24.45,482.8,1,0.74
6798,0,1,0,0,30,0,1,0,0,0,2,0,2,0,0,1,2,40.3,1172.95,1,0.735
2322,0,0,0,0,3,0,1,0,0,2,0,0,2,2,0,1,2,50.6,155.35,1,0.82
2381,0,0,1,1,2,1,0,0,0,0,0,0,2,2,0,0,3,65.7,134.35,1,0.77
1285,0,0,0,0,1,1,0,1,0,0,0,0,0,0,0,0,2,70.5,70.5,1,0.885
646,1,1,1,0,58,1,2,1,0,0,2,0,2,2,0,1,2,98.7,5812.6,1,0.8
5436,0,0,0,0,1,1,0,1,0,0,0,0,0,0,0,1,2,69.6,69.6,1,0.99
1904,0,0,0,0,1,1,0,1,0,0,0,0,2,0,0,0,2,78.05,78.05,1,0.99
819,1,0,0,0,7,1,2,1,0,0,0,0,0,0,0,0,2,73.6,520.0,1,0.83
2982,0,0,0,0,9,1,2,1,0,0,0,0,0,0,0,1,2,74.75,706.6,1,0.78
3800,1,0,0,0,1,1,0,2,1,1,1,1,1,1,0,1,3,20.2,20.2,1,0.8746666666666666
6475,0,1,1,0,24,1,2,1,0,0,0,0,2,2,0,1,2,93.55,2264.05,1,0.81
513,1,0,0,0,2,0,1,0,0,0,0,0,0,0,0,1,2,25.05,56.35,1,0.89
389,1,1,1,0,27,1,2,1,0,2,2,0,0,2,0,1,2,95.55,2510.2,1,0.93
4837,0,0,0,0,13,0,1,0,0,0,0,0,0,0,0,1,2,23.9,300.8,1,0.82
3963,0,0,0,0,1,1,0,1,0,0,2,0,2,0,0,1,2,85.45,85.45,1,0.99
3387,1,0,0,0,25,1,2,1,0,0,0,0,0,2,0,1,2,84.8,2043.45,1,0.84
6908,1,0,1,0,35,1,2,1,0,0,0,0,0,0,0,1,2,75.2,2576.2,1,0.835
1689,1,0,0,0,1,1,0,2,1,1,1,1,1,1,0,1,3,19.75,19.75,0,0.7145833333333332
2556,0,0,0,0,15,1,0,1,0,2,2,0,2,2,0,1,2,101.25,1457.25,1,0.845
3890,0,1,0,0,2,0,1,0,0,0,0,0,0,0,0,0,2,24.35,41.85,1,0.88
3448,0,1,0,0,29,1,2,1,0,0,0,2,2,2,0,0,2,98.65,2862.75,1,0.81
336,1,1,1,0,5,1,2,1,0,0,2,0,0,0,0,1,0,79.9,343.95,1,0.945
1615,0,1,0,0,28,1,2,1,0,0,2,2,2,2,0,1,2,103.3,2890.65,1,0.855
2621,0,0,1,0,11,1,2,1,2,0,0,2,2,0,0,1,1,96.2,1222.05,1,0.835
2863,1,0,1,0,55,1,2,1,0,0,2,2,2,2,1,1,2,104.15,5743.05,1,0.75
4091,0,0,0,0,1,1,0,1,0,0,0,0,2,2,0,0,2,90.6,90.6,1,1.0
2572,0,0,0,0,6,1,0,0,0,0,0,2,0,0,0,1,0,50.8,288.05,1,0.855
2953,1,0,0,0,4,1,2,1,0,2,0,0,0,2,0,1,2,90.05,368.1,1,0.945
2450,0,0,1,0,3,1,2,1,0,0,0,0,0,0,0,1,2,75.85,256.6,1,0.885
4541,1,0,1,1,1,1,0,1,0,0,0,0,0,0,0,1,2,68.5,68.5,1,0.85
3590,1,0,0,0,11,1,0,1,2,0,0,0,0,0,0,1,2,73.5,791.75,1,0.76
2130,0,0,0,0,1,1,0,1,0,0,0,0,0,0,0,1,3,69.95,69.95,1,0.9485833333333333
4761,1,0,0,0,5,1,0,0,0,0,2,0,2,2,0,1,2,70.05,346.4,1,0.775
1074,1,0,0,0,8,1,2,1,0,2,2,0,2,0,0,1,2,94.0,773.65,1,0.88
1846,1,0,1,0,29,1,2,1,2,2,0,0,0,0,0,1,2,84.45,2467.1,1,0.75
6572,0,1,1,0,43,1,2,1,2,0,2,2,2,2,1,1,3,109.55,4830.25,1,0.755
738,0,0,0,0,3,1,0,2,1,1,1,1,1,1,0,1,3,19.6,59.75,1,0.71
3893,1,1,0,0,2,1,0,0,2,0,2,0,2,0,0,0,0,66.4,94.55,1,0.775
1800,1,1,1,0,66,1,2,1,0,0,0,2,2,2,0,1,1,100.05,6871.9,1,0.725
6465,1,0,1,0,17,1,2,1,2,2,2,0,0,0,0,0,1,90.2,1454.15,1,0.705
845,0,0,0,0,2,1,0,0,0,2,0,0,0,0,0,1,3,49.6,114.7,1,0.77
3858,1,0,0,1,3,1,2,1,0,0,2,0,0,2,0,0,2,91.85,257.05,1,0.895
5484,0,0,1,1,1,0,1,0,0,0,0,2,2,0,0,0,2,40.1,40.1,1,0.805
1421,0,1,0,0,31,1,2,1,0,0,0,0,0,0,0,1,2,73.9,2217.15,1,0.74
1433,0,0,0,0,14,1,0,1,0,0,0,0,2,2,0,1,3,89.8,1129.1,1,0.855
4889,0,1,0,0,37,1,2,1,0,0,0,0,2,2,0,1,2,96.55,3580.3,1,0.84
1477,0,0,0,0,7,0,1,0,0,2,0,0,0,2,0,1,1,40.1,293.3,1,0.795
3198,1,1,0,0,24,1,2,1,0,2,0,0,2,2,0,1,2,101.25,2440.15,1,0.87
6354,0,0,0,0,1,1,0,1,0,0,0,0,2,0,0,0,2,79.55,79.55,1,0.99
1006,1,0,0,0,1,1,0,1,0,0,0,0,2,2,0,1,2,89.1,89.1,1,0.945
2818,1,0,0,0,19,1,0,1,0,2,2,0,0,0,0,1,2,78.25,1490.95,1,0.82
4328,0,0,0,0,1,1,0,2,1,1,1,1,1,1,0,1,3,19.1,19.1,1,0.725
5601,1,1,1,0,1,1,2,1,2,0,0,0,0,0,0,1,2,80.3,80.3,1,0.74
4965,0,0,0,0,1,1,0,1,0,0,2,0,0,0,0,1,2,74.9,74.9,1,0.95
1159,0,1,0,0,9,1,0,1,0,0,0,0,2,0,0,1,2,80.85,751.65,1,0.75
1772,1,0,0,0,3,0,1,0,0,0,0,0,0,0,0,0,2,24.75,66.95,1,0.82
5288,0,1,0,0,49,1,2,1,0,0,2,0,0,2,0,1,1,90.85,4515.85,1,0.775
1568,0,1,0,0,4,1,2,0,0,0,0,0,0,0,0,0,3,48.75,179.85,0,0.785
6091,0,0,1,0,2,1,0,1,0,2,2,0,0,0,0,0,0,79.7,165.0,1,0.855
2369,1,0,1,1,55,1,0,0,2,2,0,2,0,0,2,0,0,57.55,3046.4,1,0.715
1391,0,0,1,0,21,1,2,1,0,0,0,0,0,2,0,1,2,86.5,1808.7,1,0.795
19,1,1,0,0,1,0,1,0,0,0,0,0,0,0,0,1,2,25.1,25.1,1,0.98
5963,1,0,1,1,6,1,0,1,0,2,0,0,0,2,0,1,1,83.55,477.55,1,0.855
1214,0,1,0,0,17,1,0,1,0,2,2,0,2,0,0,1,2,89.15,1496.9,1,0.81
347,1,0,0,1,1,1,0,1,0,0,0,0,0,0,0,1,3,70.45,70.45,1,0.835
3868,1,0,1,1,19,1,2,1,0,0,2,2,2,2,0,0,2,103.3,2012.7,1,0.795
6922,1,0,0,0,3,1,0,1,0,0,0,0,2,0,0,1,2,78.5,242.05,1,0.905
4628,0,1,0,0,30,1,2,1,0,2,0,0,2,2,0,1,2,99.7,2967.35,1,0.875
1008,1,0,1,0,10,1,2,1,0,0,2,0,2,2,0,1,2,98.5,1037.75,1,0.975
5878,0,0,0,0,1,1,0,0,0,0,2,0,0,0,0,1,3,50.45,50.45,1,0.79
1370,1,0,1,1,38,1,2,1,0,2,2,0,2,0,0,1,2,94.65,3624.3,1,0.74
2217,0,0,0,0,1,1,2,1,0,2,0,0,2,2,0,1,1,100.25,100.25,1,0.93
4306,0,0,0,0,16,1,2,1,0,0,2,0,0,2,0,1,2,88.45,1422.1,1,0.875
3201,1,0,0,0,1,1,0,1,0,0,0,0,0,0,0,1,2,69.85,69.85,1,0.9596785714285713
5029,0,0,0,0,15,1,2,2,1,1,1,1,1,1,0,1,1,25.4,399.6,1,0.72
5604,0,0,1,0,1,1,0,1,0,0,0,0,0,0,0,1,3,69.4,69.4,1,0.98
2592,0,1,1,0,42,1,0,1,2,0,0,0,0,0,0,1,1,74.15,3229.4,1,0.805
869,1,0,0,0,55,1,2,1,0,0,0,0,2,2,0,1,2,96.8,5283.95,1,0.795
6792,0,0,0,0,17,1,2,1,2,2,0,0,2,0,0,1,2,94.4,1617.5,1,0.89
1352,0,0,0,0,1,1,0,1,0,2,0,0,2,0,0,0,2,84.3,84.3,1,0.865
1351,0,1,1,0,11,1,2,1,0,0,2,0,2,2,0,1,2,99.55,1131.2,1,0.98
6218,1,1,0,0,8,1,2,1,0,0,2,0,0,0,0,1,2,81.25,585.95,1,0.84
2439,1,0,1,1,1,1,0,2,1,1,1,1,1,1,0,0,0,19.95,19.95,1,0.73
1458,0,0,0,0,15,1,2,1,0,2,0,0,0,0,0,1,2,79.75,1111.85,1,0.87
6788,0,0,1,1,30,1,2,1,0,0,2,0,2,2,0,1,2,100.05,3046.15,1,0.87
2394,1,0,0,0,1,1,0,1,0,0,0,0,0,0,0,1,2,69.35,69.35,1,1.0
252,0,0,0,0,3,1,0,1,0,0,0,2,0,2,0,0,2,85.8,272.2,1,0.8
6383,0,1,0,0,1,1,2,0,0,0,0,0,0,0,0,0,3,50.55,50.55,1,0.865
201,1,0,1,0,1,1,0,1,0,0,0,0,2,0,0,1,2,80.55,80.55,1,0.8
3914,0,0,1,1,12,1,2,1,0,2,2,0,0,0,0,1,2,84.5,916.9,1,0.82
3951,0,0,0,0,22,1,0,1,0,2,0,0,0,2,0,1,3,84.3,1855.65,1,0.735
2630,1,0,0,0,2,1,0,1,0,0,0,0,0,0,0,1,2,67.75,116.65,1,0.81
3161,0,0,0,0,10,1,2,1,0,2,0,0,0,0,0,1,0,80.05,830.7,1,0.87
5419,0,0,0,0,22,1,0,0,2,0,0,0,0,0,0,1,1,48.8,1054.6,1,0.815
725,0,1,0,0,1,1,2,1,0,0,0,0,0,2,0,1,2,85.05,85.05,1,0.975
3249,0,0,1,1,21,1,0,1,0,2,2,2,2,2,0,1,2,102.8,2110.15,1,0.73
2397,0,0,0,0,6,1,0,1,0,0,2,2,2,2,0,1,3,99.95,547.65,1,0.82
4955,0,1,0,0,54,1,2,1,0,2,0,0,0,0,0,1,2,79.5,4370.25,1,0.895
4494,1,1,0,0,4,1,0,1,0,0,2,0,2,2,0,1,2,94.75,422.4,0,0.915
2987,1,0,1,0,3,1,2,1,0,0,0,2,0,0,0,1,0,79.65,251.75,1,0.905
210,1,0,0,0,8,1,0,1,0,0,2,0,2,2,0,1,2,94.7,740.3,1,0.84
1688,1,0,0,0,5,1,2,1,0,0,2,0,2,0,0,1,2,92.5,452.7,1,0.945
5541,0,0,0,0,2,1,2,1,0,0,0,0,0,0,0,1,2,75.55,166.3,1,0.905
1254,1,0,1,1,1,1,0,1,0,0,0,0,0,0,0,1,2,70.0,70.0,1,0.8725
3700,0,0,1,0,33,1,2,1,0,2,2,0,2,2,0,1,2,104.4,3409.6,1,0.82
2468,0,0,0,0,15,1,0,1,2,0,0,0,2,0,0,0,2,86.2,1270.2,1,0.78
491,0,1,0,0,4,1,2,1,0,0,0,0,0,0,0,1,2,74.9,321.75,1,0.815
5352,0,0,0,0,2,1,2,1,0,0,0,0,0,0,0,0,1,74.9,147.15,1,0.755
2362,0,0,0,0,25,1,2,1,0,2,0,0,2,2,0,1,2,100.25,2387.75,1,0.795
4533,0,1,0,0,25,1,2,1,2,2,0,0,2,2,0,1,3,102.8,2660.2,1,0.9
5975,1,0,1,0,10,1,0,1,0,2,0,2,2,2,0,1,2,99.85,990.9,1,0.815
2093,0,0,0,1,2,1,2,1,0,0,0,0,2,2,0,1,0,94.2,193.8,1,0.965
7012,1,1,0,0,9,1,2,1,0,0,0,0,0,2,0,1,2,83.85,790.15,1,0.96
338,0,1,0,0,27,1,2,1,0,0,2,0,0,2,0,0,1,88.3,2467.75,1,0.735
4462,1,0,0,0,69,1,0,1,0,2,2,2,2,2,1,1,0,104.05,7262.0,1,0.775
2661,0,1,1,0,56,1,2,1,0,0,2,0,2,2,0,1,0,100.65,5688.05,1,0.755
4663,0,0,0,0,1,1,0,0,0,0,0,0,0,0,0,1,3,44.45,44.45,1,0.775
234,1,0,0,0,36,1,2,1,0,0,0,0,0,2,0,1,2,84.9,3067.2,1,0.91
2975,1,0,0,0,1,1,0,1,0,2,0,0,0,0,0,1,2,74.35,74.35,1,0.895
1053,1,0,0,0,1,1,2,0,0,0,2,2,0,0,0,0,3,62.05,62.05,1,0.74
1905,1,1,1,0,24,0,1,0,2,0,0,0,0,2,0,0,0,39.1,971.3,1,0.85
434,1,0,0,0,2,1,2,1,0,0,0,0,0,0,0,1,2,76.5,162.45,1,0.785
4698,1,0,0,0,5,1,0,0,0,0,0,2,0,0,0,1,2,49.2,216.9,1,0.71
4053,0,0,1,1,4,1,0,1,0,0,0,0,0,2,0,0,2,80.85,302.75,1,0.87
1086,1,0,0,0,1,1,2,0,0,2,0,2,0,0,0,0,3,60.1,60.1,1,0.77
6163,1,0,0,0,1,1,0,1,0,0,0,0,2,0,0,1,2,78.95,78.95,1,0.995
2055,1,0,0,0,2,1,0,0,0,0,0,0,0,0,0,1,2,45.15,98.5,1,0.9
1138,0,0,0,0,3,1,0,1,0,0,0,0,2,0,0,1,2,79.4,244.65,1,0.925
6078,1,0,0,0,44,0,1,0,0,2,2,0,2,2,1,1,3,53.95,2375.4,1,0.72
6246,1,0,0,0,18,1,2,1,0,2,0,0,0,0,0,1,2,80.65,1451.9,1,0.85
344,0,0,0,0,1,1,0,1,0,0,0,0,0,0,0,0,3,71.1,71.1,1,0.995
6538,1,1,0,0,1,1,2,1,0,0,0,0,2,2,0,1,2,94.0,94.0,1,0.995
764,0,1,0,0,15,1,2,1,0,2,0,0,0,2,0,0,2,89.85,1424.95,1,0.875
3656,0,0,0,0,9,1,0,0,0,2,0,2,2,0,0,0,3,66.25,620.55,1,0.71
5158,0,0,0,0,22,1,2,1,0,0,0,2,2,0,0,1,2,90.0,1993.8,1,0.865
2359,0,1,0,0,8,1,2,1,0,2,2,0,2,2,0,1,2,105.5,829.55,1,0.93
6720,0,0,0,1,16,1,0,1,0,0,0,0,2,0,0,1,2,81.0,1312.15,1,0.78
3612,0,0,1,1,1,1,0,1,0,0,0,0,0,0,0,1,2,69.8,69.8,1,0.9025
2135,1,1,0,0,7,1,2,1,0,0,0,0,0,0,0,0,3,73.75,545.15,1,0.85
6127,0,1,0,0,37,1,2,1,0,0,0,0,0,0,0,1,2,76.25,2841.55,1,0.87
3818,0,0,0,0,5,1,2,1,0,0,0,0,2,2,0,1,3,93.9,486.85,1,0.95
1387,0,1,0,0,3,1,0,1,0,0,0,0,0,0,0,1,2,70.4,204.7,1,0.835
6141,0,0,1,1,31,1,2,1,0,2,0,0,0,2,0,1,2,91.15,2995.45,1,0.795
2604,0,0,0,0,2,1,0,1,0,0,0,0,0,0,0,1,2,70.95,137.95,1,0.84
1755,0,0,1,0,37,1,2,1,0,0,2,0,2,2,0,1,2,99.5,3762.0,1,0.77
814,0,0,0,0,38,1,0,1,2,2,2,0,0,0,0,1,1,83.9,3233.6,1,0.76
4185,1,0,0,0,10,1,0,1,2,2,2,0,2,2,0,1,2,104.4,1081.45,1,0.85
3713,1,1,0,0,8,0,1,0,0,0,2,0,0,0,0,1,2,29.4,221.9,1,0.87
6261,1,1,0,0,20,1,2,1,0,0,0,0,2,0,0,1,2,84.35,1745.2,0,0.77
6344,0,0,0,0,3,0,1,0,0,0,0,0,0,0,0,0,2,25.25,58.9,1,0.83
1073,0,0,0,1,4,1,2,1,0,2,2,0,0,0,0,0,0,84.05,333.55,1,0.895
5071,1,1,1,0,37,1,2,1,0,0,0,0,2,0,0,1,2,85.7,3171.15,1,0.82
2644,0,0,0,0,1,1,0,1,0,2,0,0,0,0,0,1,2,74.7,74.7,1,0.96
5202,0,0,0,0,5,1,2,1,0,2,0,0,2,0,0,1,2,90.8,455.5,1,0.92
3817,0,0,0,0,1,0,1,0,0,0,0,0,2,0,0,1,2,35.75,35.75,1,0.955
1869,0,1,1,1,4,1,0,0,0,0,0,0,0,0,0,0,2,46.0,181.6,1,0.79
1796,1,0,1,1,4,1,2,0,0,0,0,0,0,0,0,1,2,50.9,225.6,1,0.785
1788,1,0,0,0,4,1,0,1,0,0,0,0,2,0,0,1,2,81.0,340.85,1,0.895
3315,1,0,0,0,26,1,2,1,0,0,2,0,2,2,0,1,2,98.35,2515.3,1,0.935
2559,1,0,0,0,5,0,1,0,0,2,0,0,2,2,0,1,3,51.0,305.95,1,0.78
4880,0,0,1,0,4,1,2,1,0,2,0,0,2,0,0,1,2,91.65,365.4,1,0.815
6835,1,0,0,1,1,1,0,1,0,0,0,0,2,2,0,1,2,90.85,90.85,1,0.825
4152,1,0,0,0,1,1,0,1,0,0,0,0,0,0,0,0,3,69.4,69.4,1,0.98
2246,0,1,0,0,8,1,0,1,0,0,2,0,2,2,0,1,1,94.45,742.95,1,0.975
5563,0,0,1,1,1,1,0,2,1,1,1,1,1,1,0,1,1,20.15,20.15,1,0.81
5286,1,1,0,0,50,1,2,1,0,0,0,0,2,2,0,1,2,95.7,4816.7,1,0.925
2763,0,0,0,0,26,1,2,1,0,0,0,0,0,0,0,1,0,74.95,1834.95,1,0.78
6502,0,0,0,0,6,0,1,0,0,0,2,0,2,2,0,1,2,47.95,305.1,1,0.905
3067,0,0,0,0,3,1,2,0,0,0,0,2,2,0,0,1,2,63.6,155.65,1,0.715
3082,1,0,0,0,3,0,1,0,0,2,0,2,0,0,0,1,3,36.85,108.7,1,0.81
3419,0,0,0,0,1,1,0,0,0,0,0,0,0,0,0,1,2,44.1,44.1,1,0.77
5672,1,0,0,0,14,0,1,0,0,0,2,0,2,2,0,1,2,50.75,712.75,1,0.795
1258,0,1,1,0,40,0,1,0,0,2,0,0,2,0,0,1,2,39.3,1637.4,1,0.755
5606,0,0,0,0,7,1,2,1,0,0,0,0,0,0,0,1,0,75.1,552.95,1,0.72
3373,1,1,0,0,2,1,0,0,0,0,0,0,0,0,0,1,2,44.7,93.7,1,0.865
2904,0,0,0,0,5,1,0,2,1,1,1,1,1,1,0,0,1,19.85,108.05,1,0.73
4715,0,0,0,0,1,1,0,1,0,0,0,0,0,0,0,1,2,70.3,70.3,1,0.842202380952381
2265,1,1,1,0,10,1,2,1,0,0,0,0,0,2,0,0,2,85.55,851.75,1,0.835
4315,1,0,0,1,6,1,0,1,0,0,2,0,2,2,0,0,3,94.5,575.45,1,0.8
876,0,1,1,0,16,1,2,1,0,0,0,0,0,2,0,1,1,85.35,1375.15,1,0.865
6305,0,0,0,0,2,1,0,1,0,0,0,0,2,0,0,1,3,79.65,152.7,1,0.925
3299,0,1,0,0,2,1,0,1,0,0,0,0,0,2,0,1,2,79.6,195.05,1,0.945
3019,1,1,0,0,19,1,2,1,2,0,0,0,2,0,0,1,2,90.6,1660.0,1,0.77
2045,0,0,0,0,1,1,0,2,1,1,1,1,1,1,0,1,0,20.2,20.2,1,0.75
4899,0,0,0,0,36,1,2,1,0,2,0,0,2,2,0,1,2,99.15,3615.6,1,0.825
2016,0,0,1,0,39,0,1,0,2,0,2,0,2,2,0,0,2,55.9,2184.35,1,0.75
4016,1,0,0,0,2,0,1,0,0,2,2,2,0,0,0,1,1,40.4,77.15,1,0.835
4244,1,1,1,0,23,1,2,1,0,2,2,0,2,2,0,1,2,104.45,2184.85,0,0.72
1125,0,0,1,1,33,1,0,1,0,0,2,0,2,2,1,1,2,93.8,3124.5,1,0.745
4599,1,1,1,0,7,1,2,1,2,2,0,0,0,2,0,1,1,94.7,673.1,1,0.795
1781,1,0,0,0,6,0,1,0,0,2,0,0,0,0,0,1,1,30.5,208.7,1,0.775
5860,1,1,0,0,3,1,2,1,0,0,0,0,0,0,0,1,2,77.0,237.75,1,0.985
6996,0,0,0,0,1,1,0,1,0,0,2,0,0,0,0,0,2,75.3,75.3,1,0.955
2083,0,1,1,0,40,1,0,1,0,2,0,2,2,2,1,1,1,99.2,4062.2,1,0.715
3331,1,0,0,0,1,1,0,1,0,0,0,0,0,0,0,0,2,70.4,70.4,1,0.89
5682,0,1,0,0,15,1,0,1,0,2,0,0,0,0,0,1,1,75.3,1147.45,1,0.825
2068,0,0,1,0,11,1,2,1,0,0,0,0,2,2,0,1,2,94.0,1078.9,1,0.9
3215,1,0,0,0,8,0,1,0,2,0,0,0,0,0,0,1,2,30.45,226.45,1,0.745
4228,0,0,1,0,44,1,2,1,0,0,0,0,2,2,0,1,2,96.1,4364.1,1,0.815
4881,1,1,1,0,24,1,2,1,0,2,2,0,2,2,0,1,2,104.25,2433.9,1,0.875
5674,1,1,0,0,15,1,2,1,0,2,0,0,0,0,0,1,2,80.2,1217.25,1,0.89
5357,1,0,0,0,1,1,0,1,0,0,0,0,2,2,0,1,2,89.25,89.25,0,0.915
6950,0,0,1,1,17,1,2,1,2,0,2,0,2,2,0,1,2,104.2,1743.5,1,0.885
5714,1,1,0,0,1,1,0,1,0,0,0,0,0,0,0,1,2,69.65,69.65,1,0.995
4253,1,0,0,0,9,1,0,1,0,0,0,0,0,2,0,1,2,80.8,713.1,1,0.91
648,0,0,0,0,7,1,0,1,0,0,0,0,2,0,0,1,3,80.3,526.7,1,0.83
2563,1,1,1,0,36,1,2,1,0,0,0,0,0,2,0,1,2,84.1,3021.6,1,0.885
6336,0,1,1,1,34,1,2,1,0,2,0,0,0,0,0,1,3,79.6,2718.3,1,0.78
2651,0,1,0,0,1,0,1,0,0,0,0,0,2,0,0,1,2,36.45,36.45,1,0.955
440,0,1,1,0,47,1,2,1,2,0,0,0,0,0,0,0,2,80.35,3825.85,1,0.785
6589,0,1,1,0,24,0,1,0,0,0,2,0,0,2,0,1,1,40.65,933.3,1,0.785
5933,0,0,1,0,8,1,2,1,0,0,0,0,0,2,0,1,2,84.9,764.95,1,0.93
2069,0,0,1,1,2,1,0,1,0,2,0,0,0,0,0,1,0,73.55,145.4,1,0.84
5557,0,0,1,0,8,1,0,2,1,1,1,1,1,1,0,0,0,20.15,156.25,1,0.705
5902,0,1,1,0,43,1,2,1,0,0,2,2,2,2,1,1,2,107.55,4533.9,1,0.74
729,1,1,1,0,16,1,2,1,0,0,2,0,2,2,0,1,2,98.75,1587.55,1,0.915
186,0,0,1,0,8,1,0,1,0,2,2,0,2,2,0,0,2,101.15,842.9,1,0.825
3807,1,0,0,0,20,1,2,1,0,0,2,0,2,0,0,1,2,88.7,1761.45,1,0.855
1330,0,0,0,0,2,1,0,1,0,0,0,0,2,0,0,1,2,79.75,164.5,1,0.91
3498,0,0,0,0,27,1,2,1,0,0,0,0,2,2,0,1,3,94.55,2724.6,1,0.74
2326,1,0,0,0,12,1,2,1,0,0,0,0,2,2,0,0,2,94.55,1173.55,0,0.73
5998,0,1,0,0,5,1,0,1,0,0,0,0,0,0,0,1,3,69.05,318.5,1,0.81
4270,1,1,0,0,37,1,2,1,0,0,2,0,2,2,0,1,2,101.1,3744.05,1,0.845
6199,0,0,0,0,6,1,2,1,0,2,0,0,2,0,0,1,2,90.1,521.3,1,0.82
223,0,0,0,0,6,1,0,1,0,0,0,0,2,2,0,0,2,89.3,577.6,1,0.83
2117,0,0,1,0,3,1,2,1,0,0,0,0,2,2,0,1,2,95.2,292.85,1,0.955
2311,0,1,0,0,5,0,1,0,0,0,0,0,2,2,0,0,2,45.7,198.0,1,0.885
2258,1,0,1,0,8,1,0,1,2,0,0,0,0,0,0,1,2,74.5,609.9,1,0.765
5710,0,0,0,0,1,1,0,1,0,0,0,0,2,0,0,1,2,79.65,79.65,1,0.995
3949,0,1,1,0,28,1,2,1,0,0,0,2,2,2,0,1,1,101.3,2812.2,1,0.825
6230,0,0,1,1,1,1,0,1,0,0,0,0,2,0,0,1,3,80.05,80.05,1,0.805
1414,1,0,1,1,29,1,2,1,0,0,2,0,0,2,0,1,2,89.2,2698.35,1,0.875
4198,1,0,1,1,19,1,2,1,0,0,0,0,0,2,0,1,2,83.65,1465.75,1,0.84
5708,0,0,1,0,6,1,0,2,1,1,1,1,1,1,0,0,0,19.5,146.3,1,0.74
1413,1,0,0,0,1,1,0,0,0,0,0,0,0,0,0,1,2,45.6,45.6,1,0.905
830,0,0,0,0,6,1,0,0,0,0,0,2,0,0,0,1,0,49.65,267.35,1,0.905
2003,0,0,1,0,25,0,1,0,0,0,0,0,2,0,0,1,0,34.0,853.0,1,0.74
4061,1,1,1,0,10,1,0,1,0,2,2,2,2,0,0,1,3,92.5,934.1,1,0.875
2067,0,1,0,0,1,1,2,1,0,0,0,0,0,0,0,1,3,74.45,74.45,1,0.82
2454,0,0,0,0,37,1,0,0,0,0,0,0,2,2,0,1,2,64.75,2345.2,1,0.715
6697,1,0,0,0,26,1,0,1,0,2,2,0,2,0,0,0,2,89.8,2335.3,1,0.75
3997,0,0,0,0,12,1,0,1,0,0,2,0,2,2,1,0,3,95.5,1115.15,1,0.715
3621,0,1,0,0,10,0,1,0,0,0,0,2,0,0,0,1,2,29.65,291.4,1,0.785
3463,1,0,1,1,5,1,2,1,2,0,2,0,0,0,0,1,2,84.5,453.75,1,0.78
6374,1,0,0,0,18,1,2,1,0,0,2,0,0,2,0,1,1,90.7,1597.25,1,0.775
600,0,0,0,0,54,1,2,1,2,0,2,0,2,2,1,1,0,103.95,5639.05,1,0.745
5720,0,0,0,0,10,1,2,1,0,0,0,0,0,0,0,1,2,74.75,799.65,1,0.865
6641,1,0,1,0,32,1,2,1,0,0,2,0,0,0,0,1,2,78.9,2447.95,1,0.835
1622,1,0,0,0,36,1,2,1,0,0,0,0,0,2,0,1,2,84.75,3050.15,1,0.95
5271,1,1,0,0,12,1,2,1,0,0,2,0,2,2,0,1,2,99.45,1200.15,1,0.98
3814,0,0,0,0,1,1,0,1,0,0,0,0,0,0,0,1,2,70.6,70.6,1,0.85625
6412,0,0,0,0,5,1,0,1,0,0,0,0,2,0,0,1,1,81.0,389.6,1,0.875
1636,1,0,0,0,6,1,0,1,0,2,0,0,2,0,0,1,2,84.85,523.5,1,0.915
4255,0,1,0,0,26,1,2,1,0,2,0,0,2,0,0,1,2,89.15,2277.65,1,0.935
5620,0,1,1,0,1,0,1,0,0,0,0,0,0,0,0,1,2,24.8,24.8,1,0.91
1875,1,0,0,0,64,1,2,1,0,2,0,2,2,2,1,1,1,105.65,6903.1,1,0.73
3707,1,0,0,0,13,1,0,1,0,0,0,0,0,2,0,1,2,80.85,1008.7,1,0.755
5233,0,0,1,0,9,1,0,1,0,0,0,0,2,2,0,0,2,89.45,853.1,1,0.715
4476,1,0,0,0,10,1,2,0,0,0,0,0,2,2,0,1,1,72.15,794.25,1,0.725
1096,0,0,0,0,2,1,0,0,0,0,2,2,2,2,0,0,2,76.4,160.8,1,0.755
498,1,0,1,0,9,1,0,1,0,2,2,0,0,0,0,1,2,79.9,741.7,1,0.835
5302,1,0,0,0,1,1,2,1,0,0,0,0,2,0,0,1,3,84.65,84.65,1,0.85
1718,0,1,1,0,1,1,0,1,0,0,0,0,0,0,0,1,2,69.55,69.55,1,0.94
6144,0,0,0,0,13,0,1,0,0,2,0,0,0,0,0,1,2,31.05,347.25,1,0.71
4348,0,0,1,1,1,1,0,0,0,0,0,0,0,0,0,1,0,44.35,44.35,1,0.845
4289,0,1,0,0,5,1,0,1,0,0,2,0,2,0,0,1,3,84.85,415.55,1,0.82
5994,1,1,0,0,1,1,2,1,0,0,0,0,0,0,0,1,2,73.65,73.65,1,0.86
4452,1,0,1,1,33,1,0,0,0,0,2,2,2,2,1,1,3,73.9,2405.05,1,0.71
3923,0,0,1,0,55,1,2,1,0,0,2,0,0,0,0,1,2,77.75,4458.15,1,0.78
112,0,1,1,0,6,1,2,1,0,0,0,0,0,2,0,1,2,84.35,474.9,1,0.97
1858,1,0,0,0,11,1,0,1,0,0,0,2,0,0,0,1,2,73.85,926.25,1,0.765
1327,0,1,1,0,1,1,0,0,0,0,0,0,0,0,0,0,2,46.0,46.0,1,0.89
3224,1,1,0,0,15,1,0,1,0,0,0,0,0,2,0,1,2,79.4,1156.1,1,0.8
2637,1,1,1,0,16,1,0,1,0,0,0,0,0,0,0,1,0,71.8,1167.8,1,0.8
1219,0,0,0,1,5,1,0,0,0,0,0,0,0,0,0,0,3,46.0,221.7,1,0.795
4911,1,0,0,0,4,1,2,0,0,0,0,0,0,0,0,0,1,51.75,201.1,1,0.81
1792,0,0,0,0,1,1,0,1,0,0,0,0,0,0,0,1,3,70.15,70.15,1,0.945
529,1,0,0,0,9,0,1,0,0,0,0,0,2,0,0,1,1,34.7,296.1,1,0.815
3208,0,0,0,0,1,1,0,1,0,0,0,0,0,2,0,1,2,81.1,81.1,1,0.975
2673,0,0,1,1,1,1,0,2,1,1,1,1,1,1,0,0,3,20.55,20.55,1,0.795
4820,0,0,0,0,61,1,2,1,0,0,2,2,2,2,2,1,2,106.6,6428.4,1,0.8
6729,1,0,1,0,59,1,2,1,2,2,2,2,2,0,0,1,2,106.75,6252.9,1,0.715
6758,0,0,0,0,3,1,0,1,0,0,0,0,2,2,0,1,2,89.45,240.45,1,0.845
3804,1,0,0,0,13,1,0,1,0,2,2,0,0,0,0,1,2,79.8,973.45,1,0.87
3579,0,0,1,0,18,0,1,0,0,0,2,0,2,0,0,1,2,39.05,669.85,1,0.79
4,0,1,1,0,3,1,0,1,0,0,0,2,2,0,0,1,3,83.9,267.4,1,0.885
3934,0,1,0,0,1,1,0,1,0,0,0,0,0,0,0,1,2,69.85,69.85,1,0.995
3470,0,0,0,0,1,1,0,0,0,0,0,0,2,0,0,1,3,53.55,53.55,1,0.885
1818,0,1,1,0,26,1,0,1,0,2,0,0,0,2,0,0,2,84.95,2169.75,1,0.79
4474,1,0,1,0,11,1,2,1,0,2,0,0,0,0,0,1,0,80.5,896.9,1,0.88
3255,1,0,0,0,1,1,0,2,1,1,1,1,1,1,0,1,3,19.3,19.3,1,0.785
4445,1,1,0,0,22,1,2,1,0,0,0,2,2,0,0,1,0,90.5,1910.6,1,0.735
2670,1,0,1,1,7,1,0,1,0,0,0,0,0,0,0,1,0,69.95,529.5,1,0.84
1215,0,0,0,0,1,1,0,0,2,0,0,0,0,0,0,1,1,48.6,48.6,1,0.77
1686,0,1,0,0,40,0,1,0,2,2,0,0,2,2,0,1,2,55.8,2109.35,1,0.745
3379,1,0,1,0,29,1,2,1,0,2,0,0,0,0,0,1,0,80.15,2265.25,1,0.755
906,0,0,0,0,3,1,2,1,0,0,0,0,0,0,0,1,2,75.5,220.6,1,0.88
4547,0,0,1,0,3,1,2,1,0,0,0,0,0,0,0,1,1,74.75,229.5,1,0.975
3060,1,0,0,0,23,1,2,1,0,0,2,2,2,2,0,1,3,104.05,2470.1,1,0.825
4830,0,0,0,0,13,1,2,1,2,2,0,0,2,0,0,1,2,96.65,1244.5,1,0.91
6894,0,0,0,0,39,1,2,1,0,2,2,0,2,2,0,1,2,103.45,3994.45,1,0.81
1588,0,0,1,1,1,1,0,2,1,1,1,1,1,1,0,1,2,19.9,19.9,1,0.88
403,1,0,1,0,14,0,1,0,0,0,0,0,2,2,0,0,2,46.35,667.7,1,0.795
3831,1,0,0,0,1,1,0,1,0,0,0,0,0,2,0,0,2,79.6,79.6,1,0.995
6631,1,0,1,0,1,1,0,1,0,0,2,0,0,0,0,0,2,76.2,76.2,1,0.93
5416,0,0,0,0,7,1,0,1,0,0,0,0,2,0,0,1,2,79.0,522.95,1,0.82
598,0,1,0,0,10,1,0,1,0,0,2,0,0,2,0,1,1,84.6,865.55,1,0.73
5535,0,0,1,1,17,1,2,2,1,1,1,1,1,1,0,0,3,24.1,409.9,1,0.71
3354,0,0,0,1,1,1,0,0,2,2,0,2,0,0,0,1,2,60.0,60.0,1,0.835
3709,1,0,0,0,8,1,2,1,0,0,0,0,0,2,0,1,2,86.55,649.65,1,0.97
4951,0,1,1,0,1,1,0,2,1,1,1,1,1,1,0,1,3,20.85,20.85,1,0.7895
3560,0,0,0,0,39,0,1,0,0,0,2,0,2,2,0,1,2,50.75,2011.4,1,0.71
109,0,1,1,0,58,1,0,1,2,2,0,2,2,2,1,1,1,105.5,6205.5,1,0.745
3045,1,1,0,0,6,1,0,1,2,0,0,0,2,0,0,1,0,85.15,503.6,1,0.84
443,1,0,1,1,21,1,2,1,0,2,2,0,2,2,0,0,2,104.4,2157.95,1,0.855
3743,1,1,1,1,71,1,2,1,2,2,0,0,2,2,0,1,1,105.1,7548.1,1,0.755
3675,0,0,0,0,1,1,0,1,0,2,0,0,0,0,0,1,2,75.7,75.7,1,0.99
1272,0,1,1,0,20,1,2,1,0,0,2,0,2,0,0,0,2,90.8,1951.0,1,0.765
4319,0,0,1,1,4,1,2,1,0,2,0,0,2,2,0,1,2,97.95,384.5,1,0.925
235,1,0,0,0,32,1,2,1,2,2,0,2,2,2,0,1,1,108.15,3432.9,1,0.71
6926,1,0,0,0,6,1,0,1,0,0,0,0,2,0,0,1,1,80.5,463.05,1,0.875
2159,0,1,1,0,27,1,2,1,2,0,0,2,2,2,0,1,0,104.3,2867.75,1,0.845
5697,1,0,0,0,1,1,0,1,0,0,0,0,0,0,0,1,3,71.35,71.35,1,0.945
2350,0,0,0,0,13,1,2,1,0,2,2,2,0,0,0,0,2,89.4,1132.35,1,0.82
4150,1,0,0,0,19,1,2,1,0,2,0,0,2,2,0,1,2,99.95,1931.75,1,0.81
3377,0,0,0,0,10,1,2,1,0,2,0,0,0,0,0,1,1,81.0,818.05,1,0.75
1649,0,1,1,0,13,1,0,1,0,0,0,0,0,0,0,1,2,70.15,916.75,1,0.76
7025,0,0,0,0,1,1,0,1,0,0,0,0,0,0,0,1,3,70.15,70.15,1,0.945
873,0,1,1,0,68,1,2,1,2,2,0,0,0,2,1,1,1,96.55,6581.9,1,0.71
3425,0,1,0,0,1,1,0,1,0,0,0,0,0,0,0,1,2,69.65,69.65,1,1.0
977,0,1,0,0,1,1,0,1,0,0,0,0,2,2,0,1,2,89.3,89.3,1,0.875
3163,0,0,0,0,5,1,2,1,0,0,0,0,2,0,0,1,2,85.2,474.8,1,0.965
2906,1,0,1,0,5,1,2,1,0,2,0,0,0,0,0,1,2,81.3,416.3,1,0.97
5567,0,0,0,1,2,1,0,2,1,1,1,1,1,1,0,1,2,19.6,35.85,1,0.74
6417,0,0,1,1,17,1,2,1,0,0,0,0,0,2,0,1,2,85.45,1451.6,1,0.84
2387,1,0,1,1,1,1,0,1,0,0,0,0,0,0,0,1,2,71.0,71.0,1,0.965
1809,1,1,0,0,9,1,2,1,0,0,0,0,0,2,0,1,2,85.05,746.5,1,0.965
3041,1,0,0,1,1,1,0,0,0,0,0,0,0,0,0,1,2,44.4,44.4,1,0.775
6682,0,0,1,0,1,1,0,1,0,0,0,0,2,0,0,1,0,79.35,79.35,1,0.955
6932,0,0,0,0,9,1,0,1,0,0,0,0,2,2,0,1,0,90.8,809.75,1,0.915
4263,1,0,1,1,20,1,0,1,0,0,0,0,0,0,0,1,2,70.45,1470.95,1,0.865
3188,0,0,0,0,3,1,2,1,0,0,0,0,0,0,0,1,2,75.8,246.3,1,0.92
2367,1,1,1,0,21,1,0,1,0,0,0,0,0,0,0,1,2,69.1,1474.75,1,0.795
3135,0,0,0,0,2,1,0,1,0,0,0,0,0,0,0,0,0,70.0,153.05,1,0.96
5642,0,0,0,0,21,1,2,1,0,0,0,0,2,2,0,1,2,97.35,2119.5,1,0.84
3165,0,0,0,1,1,1,0,1,0,0,0,0,0,0,0,1,2,69.65,69.65,1,0.945
2057,0,0,0,0,10,1,2,1,0,0,2,0,2,2,0,1,2,100.6,1060.2,1,0.99
3409,0,1,0,0,1,1,0,1,0,2,0,0,0,2,0,1,2,86.0,86.0,1,0.855
4809,0,0,0,0,53,1,2,1,2,0,2,0,2,2,1,1,1,106.95,5785.5,1,0.78
2467,1,0,0,0,3,0,1,0,0,2,0,0,0,0,0,1,2,29.6,79.45,1,0.88
6063,0,0,1,1,49,1,2,1,0,0,0,0,2,2,0,1,2,95.6,4783.5,1,0.77
3451,1,0,0,0,11,0,1,0,0,0,2,0,2,0,1,1,2,41.6,470.6,1,0.715
5590,1,0,0,0,45,1,2,1,0,2,0,0,2,2,0,1,1,100.85,4740.0,1,0.865
4367,1,0,1,1,49,1,2,1,0,0,0,0,2,0,0,0,2,84.5,4254.85,1,0.815
1321,0,1,0,0,14,1,2,1,0,2,0,0,0,0,0,1,2,78.95,1101.85,1,0.96
5144,0,1,0,0,47,1,2,1,0,2,2,0,0,0,0,1,0,85.2,3969.35,1,0.86
3,1,1,1,0,13,1,0,1,0,2,2,0,2,2,0,1,2,98.0,1237.85,1,0.915
2932,1,0,1,0,5,1,0,1,0,0,2,0,2,2,0,1,2,94.45,498.1,1,0.935
4596,1,1,0,0,3,1,2,1,0,2,2,0,2,2,0,1,2,105.0,294.45,1,0.845
6972,0,1,1,0,26,1,2,1,0,2,2,0,0,2,0,1,2,93.85,2381.55,1,0.965
3823,0,1,1,0,8,1,2,1,0,0,0,0,0,2,0,1,2,84.0,613.4,1,0.96
5132,0,0,1,0,9,0,1,0,0,0,2,0,2,2,0,1,2,48.75,442.2,1,0.85
1492,1,0,0,0,1,1,0,1,0,0,2,0,2,0,0,1,2,84.85,84.85,1,0.925
2538,0,0,0,0,31,1,2,1,0,0,2,0,0,2,0,1,2,89.9,2806.9,1,0.89
4872,1,1,1,0,18,1,0,1,0,0,0,0,0,2,0,0,2,78.55,1422.65,1,0.765
5681,1,0,1,0,42,1,2,1,0,2,2,2,0,2,0,1,2,99.45,4138.05,1,0.74
3645,1,1,0,0,4,0,1,0,0,0,0,0,0,0,0,1,0,25.2,102.5,1,0.835
910,0,1,0,0,15,1,2,0,0,0,0,2,0,0,0,0,1,55.0,757.1,1,0.76
6474,1,0,1,0,14,1,2,1,0,0,0,0,0,2,0,1,2,85.15,1139.2,1,0.83
3945,1,1,1,0,3,1,2,1,0,0,0,0,2,2,0,1,2,94.6,279.55,1,0.94
5716,1,0,0,0,16,1,0,1,2,0,0,0,2,2,0,1,2,94.25,1483.25,1,0.88
6795,0,0,0,0,42,1,2,1,2,0,2,0,2,2,0,1,2,105.2,4400.75,1,0.765
3044,0,0,0,0,1,0,1,0,0,0,0,0,0,0,0,1,3,24.9,24.9,0,0.77
2615,1,0,1,0,6,1,2,1,0,0,0,0,2,0,0,1,2,82.85,460.25,1,0.745
4707,1,1,1,0,53,1,2,1,0,2,2,0,2,2,0,1,2,103.85,5485.5,1,0.9
4022,0,0,1,1,5,1,0,1,0,2,0,0,0,2,0,1,2,83.6,404.2,1,0.875
2968,1,0,0,0,68,1,2,1,0,2,2,2,2,2,1,0,2,108.45,7176.55,1,0.74
3586,0,0,1,0,3,1,2,1,0,2,0,0,0,2,0,1,1,91.5,242.95,1,0.875
1266,1,0,1,0,12,1,0,1,2,0,0,2,0,0,0,0,0,80.85,866.45,1,0.75
1365,0,0,0,0,43,0,1,0,0,0,2,0,2,2,0,1,0,49.05,2076.2,1,0.74
4664,1,1,0,0,25,1,2,1,0,2,0,0,2,0,0,1,2,88.95,2291.2,1,0.925
3996,1,1,1,0,27,0,1,0,0,0,0,0,0,2,0,0,0,36.5,1032.0,1,0.845
354,0,0,0,0,1,1,0,1,0,0,0,0,0,0,0,0,3,70.75,70.75,1,0.89
4479,1,0,0,0,3,0,1,0,0,0,2,0,2,0,0,1,3,40.15,130.75,1,0.925
6510,1,1,1,0,29,1,2,1,0,0,0,0,2,2,0,1,2,94.45,2653.65,1,0.82
5349,1,0,0,0,1,0,1,0,0,0,0,0,2,2,0,1,3,45.3,45.3,1,0.95
3795,1,0,0,0,2,1,0,1,0,0,2,0,2,2,0,0,2,94.95,178.1,1,0.925
2668,1,0,1,0,1,0,1,0,0,0,0,0,0,0,0,1,2,23.45,23.45,1,0.88
5924,0,0,0,0,3,1,2,0,0,0,0,0,0,0,0,1,3,50.65,151.3,1,0.81
2129,0,0,0,0,1,1,0,0,0,0,0,0,0,2,0,1,2,55.4,55.4,1,0.78
6192,0,1,1,0,1,1,2,1,0,2,0,0,2,0,0,1,2,90.6,90.6,1,0.98
2165,1,1,1,0,2,1,2,1,0,0,0,0,2,0,0,1,3,86.85,156.35,1,0.97
2482,0,1,1,0,29,1,2,1,0,0,2,0,2,2,0,1,0,99.05,2952.85,1,0.72
6506,0,0,0,0,52,1,2,1,2,2,0,2,2,2,1,1,1,111.25,5916.45,1,0.725
3894,1,0,0,0,2,1,0,0,2,0,2,0,0,0,0,1,3,55.1,113.35,1,0.73
594,1,0,1,0,13,1,2,1,0,0,2,0,2,2,0,1,1,102.25,1359.0,1,0.755
6476,1,1,0,0,19,1,0,1,0,0,2,0,2,2,0,1,1,95.9,1777.9,1,0.835
750,0,1,0,0,47,1,2,1,0,2,0,2,2,0,0,1,2,95.05,4504.55,1,0.715
592,0,0,0,0,5,1,0,0,2,0,0,2,0,0,0,0,1,53.85,259.8,1,0.795
3825,1,1,1,0,52,1,2,1,2,0,2,0,2,2,0,1,2,104.2,5568.35,1,0.79
2812,0,0,0,0,25,1,0,1,0,2,2,0,2,2,0,1,2,99.5,2369.05,1,0.83
2526,0,0,0,0,9,1,0,1,0,0,0,0,0,0,0,0,2,71.0,672.55,1,0.735
2849,0,0,1,1,31,1,2,1,0,0,2,2,2,2,0,1,2,104.2,3243.45,1,0.805
1981,1,0,0,0,1,1,0,1,0,0,0,0,0,2,0,1,2,79.25,79.25,1,0.925
3411,0,0,0,0,1,1,0,0,0,0,0,0,0,0,0,1,0,44.9,44.9,1,0.78
4519,1,0,1,0,10,1,0,1,0,0,0,0,0,0,0,1,2,70.1,659.65,1,0.915
6099,1,0,0,0,4,0,1,0,0,0,2,0,0,0,0,1,2,29.65,118.5,1,0.82
319,1,0,0,0,43,1,2,1,0,2,0,0,0,0,0,1,2,77.85,3365.85,1,0.77
866,1,0,0,0,4,1,0,0,0,0,0,0,0,2,0,0,2,54.3,195.3,1,0.78
4473,0,1,0,0,11,1,2,1,0,0,0,0,2,2,0,1,0,95.15,997.65,1,0.94
1979,1,0,0,0,1,1,0,1,0,0,0,0,0,2,0,0,2,80.5,80.5,1,0.97
5758,1,0,0,0,4,1,2,1,0,0,0,0,0,0,0,1,0,72.2,305.55,1,0.93
1970,1,1,0,0,43,1,0,1,0,0,0,0,2,2,0,1,3,89.55,3856.75,1,0.74
5331,1,0,1,0,42,1,2,1,0,2,2,0,2,0,0,1,0,95.25,3959.35,1,0.78
3087,0,0,1,1,5,1,0,1,0,0,0,2,2,0,0,1,2,85.75,470.95,1,0.875
1674,0,1,0,0,6,1,2,1,0,2,0,0,2,2,0,1,2,98.25,560.6,1,0.96
1034,0,1,0,0,1,0,1,0,0,0,0,0,0,0,0,1,3,25.7,25.7,1,0.97
1758,0,0,1,1,7,1,0,1,0,0,0,0,0,0,0,1,2,69.0,506.9,1,0.775
1960,1,0,0,0,2,1,0,0,0,0,0,0,0,0,0,0,0,46.05,80.35,1,0.785
2297,0,1,1,0,1,1,0,1,0,2,0,0,0,0,0,1,3,76.4,76.4,1,0.89
6807,0,0,0,0,5,1,2,1,0,0,2,0,2,2,0,1,2,100.5,514.0,1,0.99
3664,1,1,1,1,22,0,1,0,2,0,0,0,0,2,0,0,3,40.05,880.2,1,0.745
5081,1,0,0,0,1,1,0,1,0,0,0,0,0,0,0,0,2,69.95,69.95,1,0.9050357142857142
4617,1,0,0,1,1,1,2,1,0,0,0,0,2,2,0,1,2,93.3,93.3,1,0.935
2633,0,0,0,0,1,0,1,0,0,0,0,0,0,2,0,0,3,35.05,35.05,1,0.81
1328,0,1,0,0,1,1,0,1,0,2,0,0,0,0,0,1,2,73.0,73.0,1,0.845
4100,1,1,0,0,33,1,2,1,0,2,2,0,0,0,0,1,1,83.85,2716.3,1,0.725
3027,0,1,0,0,2,1,0,1,0,0,0,0,0,0,0,1,2,70.65,142.35,1,0.94
4928,0,0,0,0,3,1,0,1,2,0,2,0,2,2,0,1,1,99.0,287.4,1,0.895
2250,1,0,0,0,26,1,2,1,0,0,0,0,0,2,0,1,2,83.95,2254.2,1,0.81
4680,1,0,0,0,1,1,0,2,1,1,1,1,1,1,0,0,3,19.7,19.7,1,0.8080000000000003
1896,0,0,0,0,9,1,0,1,0,0,0,0,2,0,0,1,0,77.65,714.15,1,0.84
1097,0,1,0,0,26,1,2,1,2,2,0,0,0,2,0,1,2,95.0,2497.2,1,0.89
5012,1,0,0,0,54,1,0,1,2,2,0,2,2,2,1,1,1,105.4,5643.4,1,0.775
519,1,0,0,0,2,1,0,1,0,0,2,0,2,2,0,1,2,95.85,197.7,1,0.945
5294,1,0,0,0,1,1,2,1,0,2,0,0,0,0,0,1,2,79.15,79.15,1,0.925
6178,0,0,0,0,4,1,0,1,0,0,0,0,2,0,0,1,2,79.0,303.15,1,0.93
3170,0,0,1,1,17,1,0,1,2,0,0,2,2,0,0,0,2,91.85,1574.45,1,0.795
6100,0,1,0,0,60,1,2,1,0,0,2,2,2,2,1,1,2,106.0,6441.4,1,0.81
6553,0,0,0,0,13,1,2,1,2,0,0,0,2,2,0,1,2,100.35,1358.85,1,0.96
2355,1,0,1,0,47,1,2,1,0,2,2,0,2,2,0,1,2,104.1,5135.15,0,0.845
6531,0,1,1,0,38,1,2,1,0,0,0,0,0,0,0,1,0,74.95,2869.85,1,0.75
6797,1,1,1,1,1,1,0,0,0,0,0,2,0,0,0,1,1,49.25,49.25,1,0.86
1243,1,0,1,1,50,1,2,1,0,2,0,2,2,2,0,0,2,103.7,5071.05,1,0.82
5727,0,0,0,0,1,1,0,2,1,1,1,1,1,1,0,1,3,20.3,20.3,1,0.76075
6269,1,1,1,0,7,1,2,1,0,0,2,0,2,2,0,1,2,101.95,700.85,1,0.975
1873,1,1,0,0,2,1,2,1,0,0,0,0,2,2,0,1,2,94.0,181.7,1,0.97
1983,0,0,0,0,45,1,2,1,0,2,0,0,2,0,0,1,1,89.3,4016.85,1,0.8
6960,0,0,0,0,1,1,0,1,0,2,0,0,0,0,0,1,1,74.3,74.3,1,0.885
5560,1,0,0,0,1,0,1,0,0,2,0,2,0,2,0,1,3,44.65,44.65,1,0.815
642,1,0,0,0,10,1,2,1,0,2,0,0,0,0,0,1,0,80.7,788.8,1,0.915
482,1,0,0,1,4,1,2,1,0,2,0,0,2,2,0,1,2,101.7,364.55,1,0.94
546,0,0,0,1,3,1,0,0,2,0,0,2,0,0,0,1,3,55.1,154.65,1,0.8
4062,1,0,0,0,69,1,2,1,0,0,2,2,2,2,2,1,0,106.5,7348.8,1,0.78
5485,0,0,1,1,32,1,2,1,0,0,2,0,0,2,0,1,0,91.05,2954.5,1,0.72
6870,0,1,1,0,51,1,2,1,2,0,0,0,0,0,0,1,2,77.5,3807.35,1,0.795
1407,0,0,0,0,6,1,0,1,0,0,0,0,0,0,0,1,3,69.25,418.4,1,0.76
4673,1,0,0,0,1,1,0,0,0,0,2,0,0,0,0,1,2,50.5,50.5,1,0.84
2477,1,1,0,0,1,1,2,1,0,0,0,0,0,0,0,1,2,74.4,74.4,1,0.96
2573,1,0,0,0,58,1,2,1,0,0,2,2,2,2,1,1,2,104.65,6219.6,1,0.81
6087,1,1,1,0,47,1,2,1,0,0,2,0,2,2,0,1,2,100.05,4871.05,1,0.945
5959,1,0,0,0,2,1,0,1,0,2,0,0,2,2,0,0,2,95.65,167.3,1,0.835
6490,0,0,0,0,1,1,0,1,0,0,2,0,2,2,0,0,2,94.4,94.4,1,0.94
3032,0,0,0,0,1,1,0,0,0,0,0,0,2,0,0,1,1,55.0,55.0,1,0.81
3845,1,0,0,0,1,1,2,1,0,0,2,0,2,2,0,1,2,101.45,101.45,1,0.975
1424,0,0,1,0,5,1,2,0,0,0,2,2,2,0,0,0,0,67.95,350.3,1,0.75
332,0,0,0,0,1,1,0,1,0,0,0,0,0,0,0,1,2,69.5,69.5,1,0.99
6549,1,0,0,0,1,1,0,2,1,1,1,1,1,1,0,1,3,18.85,18.85,1,0.845
6836,0,0,0,0,1,1,0,1,0,0,0,0,0,0,0,1,2,69.2,69.2,1,0.995
5151,1,0,0,0,1,1,0,1,0,0,0,0,0,0,0,1,2,69.65,69.65,1,0.9944761904761904
1695,1,1,1,0,40,1,2,1,2,0,0,0,2,2,0,0,2,101.85,4086.3,1,0.785
508,0,0,0,0,1,1,0,1,0,2,2,0,0,0,0,1,2,82.3,82.3,1,0.975
4320,1,0,0,0,3,1,0,1,0,0,0,0,2,0,0,0,2,79.25,267.6,1,0.92
4156,0,0,0,0,13,1,2,1,0,0,0,0,0,2,0,1,2,84.6,1115.2,1,0.83
414,1,1,1,0,1,0,1,0,0,0,0,0,0,0,0,0,2,25.05,25.05,1,0.95
4871,1,0,0,1,1,1,0,0,0,0,2,0,0,0,0,0,2,48.95,48.95,1,0.8
1318,1,0,0,0,1,1,0,0,0,0,0,0,0,0,0,0,2,45.3,45.3,1,0.92
127,1,0,0,0,2,1,0,1,0,0,2,0,0,2,0,1,2,85.85,167.3,1,0.89
1895,1,0,0,1,10,1,2,1,0,0,0,0,2,2,0,0,2,95.2,930.4,1,0.84
5130,1,1,0,0,2,1,2,1,0,0,0,0,0,0,0,1,3,74.85,156.4,1,0.865
4046,1,0,0,0,2,1,0,1,0,0,2,2,0,0,0,1,2,79.85,152.45,1,0.86
2309,1,0,0,0,15,1,2,1,0,0,0,0,0,0,0,1,3,76.0,1130.85,1,0.825
4170,0,0,0,0,1,1,0,0,0,0,0,0,0,2,0,1,2,56.25,56.25,1,0.82
901,1,0,1,0,21,1,2,1,0,0,2,2,2,2,0,1,2,106.1,2249.95,1,0.875
6548,0,1,0,0,2,1,0,1,0,0,0,0,0,2,0,1,0,79.75,159.4,1,0.935
1969,0,0,0,0,1,1,0,1,0,0,0,0,0,0,0,0,2,68.65,68.65,1,0.96
2523,0,1,1,0,14,1,2,1,0,2,0,0,2,2,0,1,2,100.2,1369.8,1,0.91
4895,1,0,1,1,15,1,2,1,0,0,0,0,0,0,0,1,0,74.9,1107.25,1,0.8
4399,1,0,0,0,15,1,2,1,2,0,0,0,2,2,0,1,2,99.7,1566.75,0,0.855
699,0,0,0,0,1,1,0,1,0,0,0,0,0,0,0,1,2,70.85,70.85,1,0.94375
4114,1,0,0,0,2,1,0,1,0,0,0,0,0,0,0,1,1,69.8,134.7,1,0.74875
5136,1,0,0,1,1,0,1,0,0,0,0,0,0,0,0,1,2,25.3,25.3,1,0.75
680,1,0,0,0,1,1,0,2,1,1,1,1,1,1,0,1,3,20.1,20.1,1,0.815
6749,1,0,0,0,43,1,2,1,0,2,0,0,2,2,0,1,2,101.4,4528.0,1,0.935
4566,1,0,0,0,1,1,0,1,0,0,0,0,0,2,0,1,2,80.8,80.8,1,0.895
6505,1,1,0,0,1,1,2,1,0,0,0,0,0,0,0,1,2,76.45,76.45,1,1.0
2365,0,1,0,0,12,1,2,1,0,2,0,0,2,0,0,1,2,91.3,1094.5,1,0.895
2316,1,1,1,0,6,1,0,1,0,0,2,0,2,2,0,1,2,95.75,573.75,1,0.9
3072,0,0,0,0,1,1,2,1,0,0,0,0,0,0,0,1,2,74.5,74.5,1,0.965
1013,0,0,1,1,10,1,2,1,0,2,2,0,2,2,0,1,1,102.1,1068.85,1,0.8
1932,0,0,0,0,16,1,0,0,2,0,0,0,0,0,0,1,2,50.15,762.25,1,0.73
1292,0,0,1,0,7,1,2,1,0,0,0,0,2,0,0,1,2,86.5,582.5,1,0.955
555,1,1,0,0,27,1,2,1,0,2,0,0,0,0,0,1,2,81.45,2122.05,1,0.815
994,1,0,1,0,1,1,0,1,0,0,0,0,0,0,0,1,2,69.15,69.15,1,0.97
597,0,0,0,0,9,1,0,1,0,0,0,0,0,2,0,1,2,79.55,723.4,1,0.89
3938,0,1,1,0,2,1,2,1,0,0,2,0,0,0,0,0,2,79.2,172.85,1,0.71
1883,0,0,0,0,2,0,1,0,0,0,0,0,2,2,0,1,2,45.25,85.5,1,0.945
1558,0,1,0,0,14,1,2,1,0,0,0,0,0,0,0,1,2,74.3,1096.25,1,0.885
6935,0,0,1,0,3,1,2,1,0,0,0,0,0,0,0,1,1,74.1,228.0,1,0.975
2646,1,1,1,0,57,1,2,1,0,0,2,0,2,2,0,0,2,100.6,5746.15,1,0.805
6115,1,0,0,0,3,1,2,1,0,0,0,0,0,0,0,0,3,75.0,209.1,1,0.735
469,0,1,0,0,2,1,0,1,0,0,0,0,0,0,0,0,2,70.75,154.85,1,0.87
5633,0,1,0,0,40,1,0,1,2,2,0,0,0,0,0,1,1,79.2,3233.85,1,0.8
1473,0,0,0,0,12,1,0,1,0,0,2,0,2,2,0,1,2,96.0,1062.1,1,0.935
3908,0,0,0,0,54,1,2,1,0,0,0,2,2,2,0,1,2,100.1,5440.9,1,0.745
6328,0,0,1,1,4,1,0,0,0,2,0,2,0,0,0,0,3,56.5,235.1,1,0.75
4409,0,1,0,0,1,1,0,1,0,0,2,0,0,2,0,1,2,85.0,85.0,1,0.915
3749,1,0,0,1,4,1,0,0,2,0,0,0,0,0,0,1,2,49.4,184.4,1,0.8
5429,0,0,0,0,1,1,0,1,0,0,0,0,0,0,0,1,2,69.2,69.2,1,0.995
6906,0,0,0,0,11,1,0,0,2,0,0,0,0,0,0,0,1,48.55,501.0,1,0.705
5554,0,0,0,0,1,1,0,2,1,1,1,1,1,1,0,1,3,20.2,20.2,1,0.894
765,0,0,1,0,14,1,0,1,2,2,0,2,2,2,1,0,3,105.95,1348.9,1,0.76
6520,1,1,1,0,4,1,2,1,0,0,0,0,0,0,0,0,2,74.95,308.7,1,0.815
6340,1,0,1,0,1,0,1,0,0,0,2,0,2,2,0,1,2,50.35,50.35,1,0.95
1675,1,0,0,0,1,1,0,1,0,0,0,0,0,0,0,1,2,70.3,70.3,1,0.7316666666666667
3828,1,1,1,0,32,1,0,1,0,0,0,0,0,2,0,1,1,80.3,2483.05,1,0.755
5977,0,1,0,0,66,1,2,1,0,2,0,0,0,0,0,1,1,80.45,5224.35,1,0.76
6637,1,0,0,0,7,1,2,1,0,0,0,0,0,2,0,1,2,86.8,620.35,1,0.97
4141,1,1,1,0,6,1,0,1,0,2,0,0,0,2,0,1,2,84.2,519.15,1,0.83
1360,1,0,0,0,13,1,2,1,0,0,0,2,2,2,0,1,3,99.0,1301.7,1,0.895
2851,0,0,0,0,11,1,2,1,0,0,2,0,2,2,0,1,2,100.75,1129.75,1,0.99
6995,0,0,1,0,9,1,2,1,2,2,2,0,0,0,0,0,0,91.75,865.8,1,0.76
4683,0,0,0,0,1,1,2,1,0,0,2,0,0,0,0,1,3,79.55,79.55,1,0.925
6401,0,0,0,0,54,1,2,1,0,2,2,2,2,2,0,0,2,111.1,6014.85,1,0.73
1849,0,0,1,1,25,1,2,1,0,0,2,0,0,2,0,1,2,89.1,2368.4,1,0.92
271,0,0,0,0,37,1,2,1,0,2,2,0,2,2,0,1,0,101.9,3545.35,1,0.76
4742,0,0,1,1,14,1,2,1,0,0,0,2,2,0,0,1,2,91.65,1301.0,1,0.84
882,0,1,0,0,4,1,2,1,0,0,2,0,0,2,0,1,2,88.85,372.45,1,0.94
3885,0,1,0,0,3,0,1,0,0,0,0,0,0,0,0,0,2,25.3,77.75,1,0.94
180,1,0,0,0,1,1,2,1,0,0,0,0,2,2,0,1,2,95.45,95.45,1,0.995
818,1,0,0,0,13,1,0,1,0,0,0,0,2,2,0,1,2,91.1,1135.7,1,0.885
3126,0,0,0,0,1,1,0,1,0,0,0,0,0,0,0,0,0,69.7,69.7,1,0.955
2080,0,0,0,0,6,1,0,1,0,0,0,0,2,2,0,1,2,89.5,573.3,1,0.905
5230,1,0,1,0,3,0,1,0,0,0,0,0,0,2,0,1,2,35.15,99.75,1,0.825
5128,0,1,0,0,8,1,2,1,0,0,2,0,2,2,0,0,2,101.35,780.5,1,0.945
5630,1,0,0,0,3,1,0,1,0,0,2,2,2,0,0,1,3,89.85,244.45,0,0.845
966,1,1,1,0,3,1,2,1,0,2,2,0,2,2,0,1,2,105.9,334.65,1,0.955
2751,1,0,0,0,1,1,0,0,0,0,0,0,0,0,0,1,0,45.1,45.1,1,0.74
705,0,0,0,0,41,1,0,1,0,0,0,0,0,0,0,0,0,70.25,2868.05,1,0.74
5075,1,1,1,0,43,1,2,1,0,2,2,0,2,2,0,1,2,103.0,4414.3,1,0.89
5872,0,0,1,0,33,1,0,1,2,0,2,2,2,2,1,1,2,103.75,3361.05,1,0.74
4565,1,0,0,0,1,1,0,1,0,0,0,0,0,0,0,1,2,69.35,69.35,1,1.0
3950,0,0,1,0,3,1,2,1,0,0,0,0,0,0,0,1,1,75.15,216.75,1,0.985
4601,1,0,0,0,1,1,0,1,0,0,0,0,0,0,0,1,2,69.6,69.6,1,0.9990000000000001
5455,1,0,1,1,5,1,2,1,0,2,0,0,0,0,0,1,2,80.15,385.0,1,0.96
4528,0,0,0,0,48,1,2,1,0,2,2,0,2,2,0,1,0,107.4,5121.3,1,0.835
1072,0,1,0,0,13,1,2,1,0,0,0,0,0,2,0,1,2,82.0,1127.2,1,0.89
5782,0,0,1,0,24,1,2,1,0,0,0,0,0,0,0,1,1,75.4,1747.85,1,0.715
605,0,1,1,0,27,1,0,1,2,0,2,0,2,2,0,1,2,101.25,2754.45,1,0.83
6161,1,1,0,0,25,1,2,1,0,2,0,0,2,0,0,1,2,89.5,2196.15,1,0.91
6121,0,1,0,0,22,1,2,1,0,0,0,0,0,0,0,1,0,74.4,1692.6,1,0.785
5734,1,0,0,0,4,1,2,1,0,0,0,0,0,0,0,1,2,74.35,265.35,1,0.925
4723,0,1,0,0,56,1,2,1,0,2,2,2,2,2,1,1,2,111.95,6418.9,1,0.77
535,1,1,0,0,16,0,1,0,0,2,0,0,2,0,0,1,3,39.0,679.85,1,0.76
2502,0,0,0,0,8,1,2,1,0,0,0,0,2,2,0,0,0,95.65,778.1,1,0.945
4656,0,1,1,0,50,1,2,1,0,2,0,0,2,0,0,1,2,88.05,4367.35,1,0.85
4461,1,0,0,0,3,1,0,0,0,2,0,0,0,0,0,1,3,49.9,130.1,1,0.79
53,1,0,0,0,40,1,2,1,0,2,2,0,2,2,0,1,1,104.5,4036.85,1,0.855
1329,0,1,0,0,3,1,2,1,0,0,0,0,0,0,0,1,1,75.05,256.25,1,0.955
5462,1,0,0,0,23,1,2,1,0,0,2,0,0,0,0,1,2,81.0,1917.1,1,0.825
492,0,1,1,0,1,1,2,1,0,0,0,0,0,0,0,1,2,74.45,74.45,1,0.9
3889,0,0,0,0,4,1,0,0,2,2,0,2,0,0,0,1,3,60.4,272.15,1,0.755
771,1,0,1,1,1,1,0,1,0,0,0,0,0,0,0,1,3,70.65,70.65,1,0.705
4883,1,1,0,0,1,1,2,1,0,0,0,0,0,0,0,1,2,75.75,75.75,1,1.0
5923,1,1,1,0,4,1,2,1,0,0,0,0,0,0,0,1,3,74.4,306.6,1,0.87
